{"name":"0f805e7a-b496-45e2-a428-90eecbd60644","id":"/providers/Microsoft.Flow/flows/0f805e7a-b496-45e2-a428-90eecbd60644","type":"Microsoft.Flow/flows","properties":{"apiId":"/providers/Microsoft.PowerApps/apis/shared_logicflows","displayName":"Case6-定期检查库存量和需求预测进行报警提醒","definition":{"metadata":{"workflowEntityId":null,"processAdvisorMetadata":null,"flowclientsuspensionreason":"None","flowclientsuspensiontime":null,"creator":{"id":"90992087-b016-48be-8777-427cc981023a","type":"User","tenantId":"d4f1bf94-e3d0-4385-95eb-93bc9a80edd3"},"provisioningMethod":"FromDefinition","failureAlertSubscription":true,"clientLastModifiedTime":"2022-05-02T13:16:49.9568026Z"},"$schema":"https://schema.management.azure.com/providers/Microsoft.Logic/schemas/2016-06-01/workflowdefinition.json#","contentVersion":"1.0.0.0","parameters":{"$connections":{"defaultValue":{},"type":"Object"},"$authentication":{"defaultValue":{},"type":"SecureObject"}},"triggers":{"Recurrence":{"recurrence":{"frequency":"Week","interval":1,"startTime":"2022-05-02T15:30:00.000Z","schedule":{"weekDays":["Sunday"]}},"metadata":{"operationMetadataId":"3ac9a8c6-2a32-4edc-85d2-c5772f287ab5"},"type":"Recurrence"}},"actions":{"需求报警":{"runAfter":{},"metadata":{"operationMetadataId":"bb6bc94f-9227-46c2-89ec-b94ac9ac9fe5"},"type":"InitializeVariable","inputs":{"variables":[{"name":"需求报警","type":"array"}]}},"库存不足":{"runAfter":{},"metadata":{"operationMetadataId":"724c04f9-4e46-4714-afee-74d2489e8ce3"},"type":"InitializeVariable","inputs":{"variables":[{"name":"库存不足","type":"array"}]}},"读取仓库库存表":{"runAfter":{"表格HTML格式":["Succeeded"]},"metadata":{"01XXKBPXMDM3B5YOYQKFFKXSFX4L2YQ4K4":"/机械小鸽/仓库库存记录表.xlsx","operationMetadataId":"03a23a46-eab2-41ef-b571-532f9fa66d55"},"type":"OpenApiConnection","inputs":{"host":{"apiId":"/providers/Microsoft.PowerApps/apis/shared_excelonlinebusiness","connectionName":"shared_excelonlinebusiness","operationId":"GetItems"},"parameters":{"source":"me","drive":"b!-QzJ9F6sZUerDFIP4VbDYj6HML6vfa9OnVJqjh7RX8PE336UkDuwSoURJNnjxQ8W","file":"01XXKBPXMDM3B5YOYQKFFKXSFX4L2YQ4K4","table":"{7CF1483C-04A3-432F-AB9E-7CC6715320E5}"},"authentication":"@parameters('$authentication')"}},"表格HTML格式":{"runAfter":{"库存不足":["Succeeded"],"需求报警":["Succeeded"]},"metadata":{"operationMetadataId":"ad4c2709-13d1-4c37-9f98-4d6aff761de4"},"type":"Compose","inputs":"<style>\nTable {\n  font-family: Arial, Helvetica, sans-serif;\n  background-color: #EEEEEE;\n  border-collapse: collapse;\n  width: 100%;\n}\n\nTable td, Table th {\n  border: 1px solid #ddd;\n  padding: 3px 3px;\n}\n\nTable th {\n  font-size: 15px;\n  font-weight: bold;\n  padding-top: 12px;\n  padding-bottom: 12px;\n  text-align: center;\n  background-color: #1C6EA4;\n  color: white;\n}\n</style>"},"读取安全库存和需求":{"runAfter":{"表格HTML格式":["Succeeded"]},"metadata":{"01XXKBPXKHXM4BN7BFMZAKW3YF65JTIBBC":"/机械小鸽/物料需求与安全境界表.xlsx","operationMetadataId":"90111470-300e-4a82-bafc-497f4dad0c3b"},"type":"OpenApiConnection","inputs":{"host":{"apiId":"/providers/Microsoft.PowerApps/apis/shared_excelonlinebusiness","connectionName":"shared_excelonlinebusiness","operationId":"GetItems"},"parameters":{"source":"me","drive":"b!-QzJ9F6sZUerDFIP4VbDYj6HML6vfa9OnVJqjh7RX8PE336UkDuwSoURJNnjxQ8W","file":"01XXKBPXKHXM4BN7BFMZAKW3YF65JTIBBC","table":"{A7062E4A-7D94-4D3C-9F85-8B32814FF92E}"},"authentication":"@parameters('$authentication')"}},"选择采购的邮箱":{"runAfter":{"读取安全库存和需求":["Succeeded"]},"metadata":{"operationMetadataId":"32647209-0ef5-4144-a7d2-cc039f212af7"},"type":"Select","inputs":{"from":"@outputs('读取安全库存和需求')?['body/value']","select":{"采购邮箱":"@item()?['采购人邮箱']"}}},"去重邮箱操作":{"runAfter":{"选择采购的邮箱":["Succeeded"]},"metadata":{"operationMetadataId":"83821b26-c88e-47fd-b49b-87d29fb8c868"},"type":"Compose","inputs":"@union(body('选择采购的邮箱'),body('选择采购的邮箱'))"},"应用到每一个":{"foreach":"@outputs('读取仓库库存表')?['body/value']","actions":{"获取需求和安全库存表的行":{"runAfter":{},"metadata":{"01XXKBPXKHXM4BN7BFMZAKW3YF65JTIBBC":"/机械小鸽/物料需求与安全境界表.xlsx","operationMetadataId":"8ab03f0c-66a1-444c-bb93-6d7b8852270e"},"type":"OpenApiConnection","inputs":{"host":{"apiId":"/providers/Microsoft.PowerApps/apis/shared_excelonlinebusiness","connectionName":"shared_excelonlinebusiness","operationId":"GetItem"},"parameters":{"source":"me","drive":"b!-QzJ9F6sZUerDFIP4VbDYj6HML6vfa9OnVJqjh7RX8PE336UkDuwSoURJNnjxQ8W","file":"01XXKBPXKHXM4BN7BFMZAKW3YF65JTIBBC","table":"{A7062E4A-7D94-4D3C-9F85-8B32814FF92E}","idColumn":"物料号码","id":"@items('应用到每一个')?['物料号码']"},"authentication":"@parameters('$authentication')"}},"条件":{"actions":{"需求和库存的差值":{"runAfter":{},"metadata":{"operationMetadataId":"21fb12d5-267b-4b48-a43c-2cdf82cfc59d"},"type":"Compose","inputs":"@sub(int(outputs('获取需求和安全库存表的行')?['body/需求预测量']),int(items('应用到每一个')?['仓库库存']))","description":"sub(int(outputs('获取需求和安全库存表的行')?['body/需求预测量']),int(items('应用到每一个')?['仓库库存']))"},"追加到数组变量":{"runAfter":{"需求和库存的差值":["Succeeded"]},"metadata":{"operationMetadataId":"49627151-f0c2-498b-b641-0dd5c1507464"},"type":"AppendToArrayVariable","inputs":{"name":"需求报警","value":{"物料号":"@outputs('获取需求和安全库存表的行')?['body/物料号码']","物料名":"@outputs('获取需求和安全库存表的行')?['body/物料描述']","预测量":"@outputs('获取需求和安全库存表的行')?['body/需求预测量']","库存量":"@items('应用到每一个')?['仓库库存']","欠缺量":"@outputs('需求和库存的差值')"}}}},"runAfter":{"获取需求和安全库存表的行":["Succeeded"]},"expression":{"greater":["@outputs('获取需求和安全库存表的行')?['body/需求预测量']","@items('应用到每一个')?['仓库库存']"]},"metadata":{"operationMetadataId":"fb2898c6-eaf7-4017-bec4-d27ed8224fa3"},"type":"If"}},"runAfter":{"临时邮箱存储":["Succeeded"]},"metadata":{"operationMetadataId":"ec16819a-1c62-4373-9790-11060a01e63d"},"type":"Foreach"},"创建_HTML_表格-需求报警":{"runAfter":{"应用到每一个":["Succeeded"]},"metadata":{"operationMetadataId":"fb976e4a-2868-4512-a48e-bf2cd37ff609"},"type":"Table","inputs":{"from":"@variables('需求报警')","format":"HTML"}},"发送电子邮件(V2)":{"runAfter":{"创建_HTML_表格-需求报警":["Succeeded"]},"metadata":{"operationMetadataId":"2387e36a-3e75-4cfc-bbf6-ad30e2a62ee0"},"type":"OpenApiConnection","inputs":{"host":{"apiId":"/providers/Microsoft.PowerApps/apis/shared_office365","connectionName":"shared_office365","operationId":"SendEmailV2"},"parameters":{"emailMessage/To":"Boss@3f320d.onmicrosoft.com","emailMessage/Subject":"【需求不足】发现有下记物料库存不能满足需求量","emailMessage/Body":"@{outputs('表格HTML格式')}\n@{body('创建_HTML_表格-需求报警')}"},"authentication":"@parameters('$authentication')"}},"临时邮箱存储":{"runAfter":{"读取仓库库存表":["Succeeded"],"去重邮箱操作":["Succeeded"]},"metadata":{"operationMetadataId":"54851939-f626-4e1e-a4cb-fdea672da8ff"},"type":"Compose","inputs":"@outputs('去重邮箱操作')"},"按照采购人员进行筛选":{"foreach":"@outputs('临时邮箱存储')","actions":{"分析_JSON":{"runAfter":{},"metadata":{"operationMetadataId":"2302c9e8-4a92-4a5a-a6a5-68e8b446b34e"},"type":"ParseJson","inputs":{"content":"@items('按照采购人员进行筛选')","schema":{"type":"object","properties":{"采购邮箱":{"type":"string"}}}}},"采购人员邮箱":{"runAfter":{"分析_JSON":["Succeeded"]},"metadata":{"operationMetadataId":"9c4d33d1-d184-4e35-97cb-460e516d1a3b"},"type":"Compose","inputs":"@body('分析_JSON')?['采购邮箱']"},"列出表中存在的行-按照采购邮箱筛选":{"runAfter":{"采购人员邮箱":["Succeeded"]},"metadata":{"01XXKBPXKHXM4BN7BFMZAKW3YF65JTIBBC":"/机械小鸽/物料需求与安全境界表.xlsx","operationMetadataId":"3714fec1-4926-4f86-8862-866a8f469a6e"},"type":"OpenApiConnection","inputs":{"host":{"apiId":"/providers/Microsoft.PowerApps/apis/shared_excelonlinebusiness","connectionName":"shared_excelonlinebusiness","operationId":"GetItems"},"parameters":{"source":"me","drive":"b!-QzJ9F6sZUerDFIP4VbDYj6HML6vfa9OnVJqjh7RX8PE336UkDuwSoURJNnjxQ8W","file":"01XXKBPXKHXM4BN7BFMZAKW3YF65JTIBBC","table":"{A7062E4A-7D94-4D3C-9F85-8B32814FF92E}","$filter":"采购人邮箱 eq '@{outputs('采购人员邮箱')}'"},"authentication":"@parameters('$authentication')"}},"按照物料号码查询库存量":{"foreach":"@outputs('列出表中存在的行-按照采购邮箱筛选')?['body/value']","actions":{"获取行":{"runAfter":{},"metadata":{"01XXKBPXMDM3B5YOYQKFFKXSFX4L2YQ4K4":"/机械小鸽/仓库库存记录表.xlsx","operationMetadataId":"4b2cd2ed-1598-4e7e-afd9-60ae0ea515ab"},"type":"OpenApiConnection","inputs":{"host":{"apiId":"/providers/Microsoft.PowerApps/apis/shared_excelonlinebusiness","connectionName":"shared_excelonlinebusiness","operationId":"GetItem"},"parameters":{"source":"me","drive":"b!-QzJ9F6sZUerDFIP4VbDYj6HML6vfa9OnVJqjh7RX8PE336UkDuwSoURJNnjxQ8W","file":"01XXKBPXMDM3B5YOYQKFFKXSFX4L2YQ4K4","table":"{7CF1483C-04A3-432F-AB9E-7CC6715320E5}","idColumn":"物料号码","id":"@items('按照物料号码查询库存量')?['物料号码']"},"authentication":"@parameters('$authentication')"}},"条件_2":{"actions":{"追加到数组变量_-_库存低于安全警戒线":{"runAfter":{},"metadata":{"operationMetadataId":"7c59b725-3f2b-4465-9cb8-b53f4f4554fe"},"type":"AppendToArrayVariable","inputs":{"name":"库存不足","value":{"物料号码":"@outputs('获取行')?['body/物料号码']","物料描述":"@outputs('获取行')?['body/物料描述']","仓库库存":"@outputs('获取行')?['body/仓库库存']","安全库存":"@items('按照物料号码查询库存量')?['安全库存']","需求预测":"@items('按照物料号码查询库存量')?['需求预测量']"}}}},"runAfter":{"获取行":["Succeeded"]},"expression":{"less":["@outputs('获取行')?['body/仓库库存']","@items('按照物料号码查询库存量')?['安全库存']"]},"metadata":{"operationMetadataId":"4f088f0e-4e7d-46cc-acd6-0a05b687a322"},"type":"If"}},"runAfter":{"列出表中存在的行-按照采购邮箱筛选":["Succeeded"]},"metadata":{"operationMetadataId":"54396501-4dcc-4967-b808-8b3c2f3bcdfd"},"type":"Foreach"},"创建_HTML_表格-_库存不足":{"runAfter":{"按照物料号码查询库存量":["Succeeded"]},"metadata":{"operationMetadataId":"54545486-8f86-43a5-aab3-f4e6ce7409ff"},"type":"Table","inputs":{"from":"@variables('库存不足')","format":"HTML"}},"发送电子邮件(V2)_2":{"runAfter":{"创建_HTML_表格-_库存不足":["Succeeded"]},"metadata":{"operationMetadataId":"e70befc2-b836-4028-b10f-e5dde6bb8860"},"type":"OpenApiConnection","inputs":{"host":{"apiId":"/providers/Microsoft.PowerApps/apis/shared_office365","connectionName":"shared_office365","operationId":"SendEmailV2"},"parameters":{"emailMessage/To":"@outputs('采购人员邮箱')","emailMessage/Subject":"【库存不足】下记物料库存量低于警戒线请安排采购补充","emailMessage/Body":"@{outputs('表格HTML格式')}\n@{body('创建_HTML_表格-_库存不足')}"},"authentication":"@parameters('$authentication')"}}},"runAfter":{"临时邮箱存储":["Succeeded"]},"metadata":{"operationMetadataId":"afb87012-4bf8-48ff-9419-8d3f64ddc773"},"type":"Foreach"}}},"connectionReferences":{"shared_excelonlinebusiness":{"connectionName":"bbbc63e0db2d480c889df4b5efab40cb","source":"Embedded","id":"/providers/Microsoft.PowerApps/apis/shared_excelonlinebusiness","tier":"NotSpecified"},"shared_office365":{"connectionName":"eaabdafbe4284fc78d1b698bd15f817d","source":"Embedded","id":"/providers/Microsoft.PowerApps/apis/shared_office365","tier":"NotSpecified"}},"flowFailureAlertSubscribed":false,"isManaged":false}}