{"name":"2d151943-c243-44ef-b20e-ae659065c399","id":"/providers/Microsoft.Flow/flows/2d151943-c243-44ef-b20e-ae659065c399","type":"Microsoft.Flow/flows","properties":{"apiId":"/providers/Microsoft.PowerApps/apis/shared_logicflows","displayName":"Case2-问题反馈与处理流程-Planer到审批","definition":{"metadata":{"workflowEntityId":null,"processAdvisorMetadata":null,"flowclientsuspensionreason":"None","flowclientsuspensiontime":null,"creator":{"id":"90992087-b016-48be-8777-427cc981023a","type":"User","tenantId":"d4f1bf94-e3d0-4385-95eb-93bc9a80edd3"},"provisioningMethod":"FromDefinition","failureAlertSubscription":true,"clientLastModifiedTime":"2022-05-01T05:40:55.3218522Z"},"$schema":"https://schema.management.azure.com/providers/Microsoft.Logic/schemas/2016-06-01/workflowdefinition.json#","contentVersion":"1.0.0.0","parameters":{"$connections":{"defaultValue":{},"type":"Object"},"$authentication":{"defaultValue":{},"type":"SecureObject"}},"triggers":{"任务完成时":{"recurrence":{"frequency":"Minute","interval":1},"splitOn":"@triggerOutputs()?['body/value']","metadata":{"operationMetadataId":"fdde208d-3bdd-4b2f-87f3-ed9ca07e7eaf"},"type":"OpenApiConnection","inputs":{"host":{"apiId":"/providers/Microsoft.PowerApps/apis/shared_planner","connectionName":"shared_planner","operationId":"OnCompleteTask_V3"},"parameters":{"groupId":"a51a339e-22da-4e51-8ad9-a25ee3d0a590","id":"hC6MpcrTt0CcYR_9bmTcY8kACVvx"},"authentication":"@parameters('$authentication')"}}},"actions":{"获取任务详细信息":{"runAfter":{},"metadata":{"operationMetadataId":"5b229f29-ce7d-4223-9432-58f380a5a9d5"},"type":"OpenApiConnection","inputs":{"host":{"apiId":"/providers/Microsoft.PowerApps/apis/shared_planner","connectionName":"shared_planner","operationId":"GetTaskDetails_V2"},"parameters":{"id":"@triggerOutputs()?['body/id']"},"authentication":"@parameters('$authentication')"}},"获取任务":{"runAfter":{"获取任务详细信息":["Succeeded"]},"metadata":{"operationMetadataId":"ccf26b45-e6be-40f1-bbcb-ff507542d494"},"type":"OpenApiConnection","inputs":{"host":{"apiId":"/providers/Microsoft.PowerApps/apis/shared_planner","connectionName":"shared_planner","operationId":"GetTask_V2"},"parameters":{"id":"@triggerOutputs()?['body/id']"},"authentication":"@parameters('$authentication')"}},"初始化变量":{"runAfter":{"获取任务":["Succeeded"]},"metadata":{"operationMetadataId":"84017907-7869-4784-8595-6cc167a92f9a"},"type":"InitializeVariable","inputs":{"variables":[{"name":"TempID","type":"string"}]}},"获取多个项":{"runAfter":{"初始化变量":["Succeeded"]},"metadata":{"operationMetadataId":"53e884cc-072c-4920-b3fe-2bc63c7dbdf5"},"type":"OpenApiConnection","inputs":{"host":{"apiId":"/providers/Microsoft.PowerApps/apis/shared_sharepointonline","connectionName":"shared_sharepointonline","operationId":"GetItems"},"parameters":{"dataset":"https://3f320d.sharepoint.com/sites/PowerPlatform","table":"7239bd3c-ad02-445f-b6fe-c1e99b0bb006","$filter":"PlannerID eq '@{outputs('获取任务')?['body/id']}'"},"authentication":"@parameters('$authentication')"}},"应用到每一个":{"foreach":"@outputs('获取多个项')?['body/value']","actions":{"设置变量":{"runAfter":{},"metadata":{"operationMetadataId":"2d9e10b7-6fc1-4aa4-8e02-8fa93408dcbe"},"type":"SetVariable","inputs":{"name":"TempID","value":"@{items('应用到每一个')?['ID']}"}}},"runAfter":{"获取多个项":["Succeeded"]},"metadata":{"operationMetadataId":"c7c63d5a-3fb3-4311-be85-663ac7399dd4"},"type":"Foreach"},"条件":{"actions":{},"runAfter":{"应用到每一个":["Succeeded"]},"else":{"actions":{"获取项":{"runAfter":{},"metadata":{"operationMetadataId":"55ccd694-cd26-40f5-89a1-2cfaaeb7e3ed"},"type":"OpenApiConnection","inputs":{"host":{"apiId":"/providers/Microsoft.PowerApps/apis/shared_sharepointonline","connectionName":"shared_sharepointonline","operationId":"GetItem"},"parameters":{"dataset":"https://3f320d.sharepoint.com/sites/PowerPlatform","table":"7239bd3c-ad02-445f-b6fe-c1e99b0bb006","id":"@variables('TempID')"},"authentication":"@parameters('$authentication')"}},"启动并等待审批":{"runAfter":{"获取项":["Succeeded"]},"metadata":{"operationMetadataId":"aa5a4315-0d9b-4f0b-b9a5-264208d2c083"},"type":"OpenApiConnectionWebhook","inputs":{"host":{"apiId":"/providers/Microsoft.PowerApps/apis/shared_approvals","connectionName":"shared_approvals","operationId":"StartAndWaitForAnApproval"},"parameters":{"approvalType":"CustomResponse","WebhookApprovalCreationInput/responseOptions":["确认完成","持续改善"],"WebhookApprovalCreationInput/title":"【任务完成提醒】@{outputs('获取项')?['body/Title']}","WebhookApprovalCreationInput/assignedTo":"@{outputs('获取项')?['body/OData__x53cd__x9988__x4eba_/Email']};","WebhookApprovalCreationInput/details":"任务分类：@{outputs('获取项')?['body/OData__x95ee__x9898__x5f52__x7c7b_/Value']}\n问题描述：@{triggerOutputs()?['body/title']}\n解决方案：@{outputs('获取任务详细信息')?['body/description']}\n\n请确认是否按照要求完成！","WebhookApprovalCreationInput/itemLink":"@outputs('获取项')?['body/{Link}']","WebhookApprovalCreationInput/itemLinkDescription":"详细信息","WebhookApprovalCreationInput/requestor":"@{outputs('获取项')?['body/OData__x8d23__x4efb__x4eba__x90ae__x7b']};","WebhookApprovalCreationInput/enableNotifications":true,"WebhookApprovalCreationInput/enableReassignment":true},"authentication":"@parameters('$authentication')"}},"条件_2":{"actions":{"更新项":{"runAfter":{},"metadata":{"operationMetadataId":"a6403c72-d0bf-40e3-abf1-88eb1b59d39c"},"type":"OpenApiConnection","inputs":{"host":{"apiId":"/providers/Microsoft.PowerApps/apis/shared_sharepointonline","connectionName":"shared_sharepointonline","operationId":"PatchItem"},"parameters":{"dataset":"https://3f320d.sharepoint.com/sites/PowerPlatform","table":"7239bd3c-ad02-445f-b6fe-c1e99b0bb006","id":"@outputs('获取项')?['body/ID']","item/Title":"@outputs('获取项')?['body/Title']","item/OData__x5904__x7406__x65b9__x6848_":"@outputs('获取任务详细信息')?['body/description']","item/OData__x5b9e__x9645__x5b8c__x6210__x65":"@outputs('启动并等待审批')?['body/completionDate']","item/OData__x4efb__x52a1__x72b6__x6001_/Value":"已完成"},"authentication":"@parameters('$authentication')"}}},"runAfter":{"启动并等待审批":["Succeeded"]},"else":{"actions":{"更新项_2":{"runAfter":{},"metadata":{"operationMetadataId":"58a0ccf9-0ed5-432f-8904-d2040f7634f9"},"type":"OpenApiConnection","inputs":{"host":{"apiId":"/providers/Microsoft.PowerApps/apis/shared_sharepointonline","connectionName":"shared_sharepointonline","operationId":"PatchItem"},"parameters":{"dataset":"https://3f320d.sharepoint.com/sites/PowerPlatform","table":"7239bd3c-ad02-445f-b6fe-c1e99b0bb006","id":"@outputs('获取项')?['body/ID']","item/Title":"@outputs('获取项')?['body/Title']","item/OData__x5904__x7406__x65b9__x6848_":"@outputs('获取任务详细信息')?['body/description']","item/OData__x4efb__x52a1__x72b6__x6001_/Value":"待改善"},"authentication":"@parameters('$authentication')"}},"在聊天或渠道中发布消息":{"runAfter":{"更新任务":["Succeeded"]},"metadata":{"operationMetadataId":"acd001ee-4914-497a-b6ed-0d800784350b"},"type":"OpenApiConnection","inputs":{"host":{"apiId":"/providers/Microsoft.PowerApps/apis/shared_teams","connectionName":"shared_teams","operationId":"PostMessageToConversation"},"parameters":{"poster":"Flow bot","location":"Chat with Flow bot","body/recipient":"@{outputs('获取项')?['body/OData__x8d23__x4efb__x4eba__x90ae__x7b']};","body/messageBody":"<p>你好，你的任务：@{outputs('启动并等待审批')?['body/title']}<br>\n<br>\n经过核实并未完成，请继续改善！</p>"},"authentication":"@parameters('$authentication')"}},"更新任务":{"runAfter":{"更新项_2":["Succeeded"]},"metadata":{"operationMetadataId":"89881114-7230-4d3a-ac97-5da268cd7a2a"},"type":"OpenApiConnection","inputs":{"host":{"apiId":"/providers/Microsoft.PowerApps/apis/shared_planner","connectionName":"shared_planner","operationId":"UpdateTask_V2"},"parameters":{"id":"@triggerOutputs()?['body/id']","body/percentComplete":"In Progress"},"authentication":"@parameters('$authentication')"}}}},"expression":{"equals":["@outputs('启动并等待审批')?['body/outcome']","确认完成"]},"metadata":{"operationMetadataId":"a8572d10-33f6-4098-a342-ec36939a1121"},"type":"If"}}},"expression":{"equals":["@empty(variables('TempID'))",true]},"metadata":{"operationMetadataId":"0bfe2739-b9e9-403e-909a-3bd93f91284d"},"type":"If"}},"outputs":{}},"connectionReferences":{"shared_planner":{"connectionName":"shared-planner-9c551508-3e4c-49ea-afd7-eb036cbd0345","source":"Embedded","id":"/providers/Microsoft.PowerApps/apis/shared_planner","tier":"NotSpecified"},"shared_sharepointonline":{"connectionName":"afc9a1b8992d41f7b4e195ef4f661ade","source":"Embedded","id":"/providers/Microsoft.PowerApps/apis/shared_sharepointonline","tier":"NotSpecified"},"shared_approvals":{"connectionName":"34e03e8d7d054ca0b549a3b608126012","source":"Embedded","id":"/providers/Microsoft.PowerApps/apis/shared_approvals","tier":"NotSpecified"},"shared_teams":{"connectionName":"shared-teams-c55e7218-4ad6-4e9e-bb35-3ff36b1cdc40","source":"Embedded","id":"/providers/Microsoft.PowerApps/apis/shared_teams","tier":"NotSpecified"}},"flowFailureAlertSubscribed":false,"isManaged":false}}