{"name":"74b87395-b4d5-40e9-84a0-13c5ea6886ba","id":"/providers/Microsoft.Flow/flows/74b87395-b4d5-40e9-84a0-13c5ea6886ba","type":"Microsoft.Flow/flows","properties":{"apiId":"/providers/Microsoft.PowerApps/apis/shared_logicflows","displayName":"Case4-每周巡检自动提醒-每周五自动检查","definition":{"metadata":{"workflowEntityId":null,"processAdvisorMetadata":null,"flowclientsuspensionreason":"None","flowclientsuspensiontime":null,"creator":{"id":"90992087-b016-48be-8777-427cc981023a","type":"User","tenantId":"d4f1bf94-e3d0-4385-95eb-93bc9a80edd3"},"provisioningMethod":"FromDefinition","failureAlertSubscription":true,"clientLastModifiedTime":"2022-05-02T06:38:33.354854Z"},"$schema":"https://schema.management.azure.com/providers/Microsoft.Logic/schemas/2016-06-01/workflowdefinition.json#","contentVersion":"1.0.0.0","parameters":{"$connections":{"defaultValue":{},"type":"Object"},"$authentication":{"defaultValue":{},"type":"SecureObject"}},"triggers":{"重复周期":{"recurrence":{"frequency":"Week","interval":1,"schedule":{"weekDays":["Friday"],"hours":["8"]}},"metadata":{"operationMetadataId":"cdcd4c1e-a27a-4190-be67-332000fd9001"},"type":"Recurrence"}},"actions":{"周数":{"runAfter":{},"metadata":{"operationMetadataId":"7e7b41d4-2961-41c8-958d-729bc52bb1bd"},"type":"InitializeVariable","inputs":{"variables":[{"name":"WeekNo","type":"string"}]}},"列出表中存在的行":{"runAfter":{"初始化变量":["Succeeded"]},"metadata":{"01XXKBPXL6NLUMSMNLJNFKWB7NW7OPSWSS":"/机械小鸽/Case4每周巡检自动提醒.xlsx","operationMetadataId":"b1642d7d-c810-4c3b-aa20-1695f17c0517"},"type":"OpenApiConnection","inputs":{"host":{"apiId":"/providers/Microsoft.PowerApps/apis/shared_excelonlinebusiness","connectionName":"shared_excelonlinebusiness_1","operationId":"GetItems"},"parameters":{"source":"me","drive":"b!-QzJ9F6sZUerDFIP4VbDYj6HML6vfa9OnVJqjh7RX8PE336UkDuwSoURJNnjxQ8W","file":"01XXKBPXL6NLUMSMNLJNFKWB7NW7OPSWSS","table":"{70C8A593-D375-440E-A10E-6161F6E82C62}","dateTimeFormat":"ISO 8601"},"authentication":"@parameters('$authentication')"}},"应用到每一个":{"foreach":"@outputs('列出表中存在的行')?['body/value']","actions":{"周五日期":{"runAfter":{},"metadata":{"operationMetadataId":"c66423c6-807e-440d-8c08-4737e5e4884e"},"type":"Expression","kind":"ConvertTimeZone","inputs":{"baseTime":"@items('应用到每一个')?['周五日期']","formatString":"yyyy-MM-dd","sourceTimeZone":"UTC","destinationTimeZone":"UTC"}},"条件":{"actions":{"设置变量":{"runAfter":{},"metadata":{"operationMetadataId":"f5bab0dd-7c48-455e-a35a-6db9564a2849"},"type":"SetVariable","inputs":{"name":"WeekNo","value":"@items('应用到每一个')?['周数']"}}},"runAfter":{"周五日期":["Succeeded"]},"expression":{"equals":["@body('周五日期')","@body('当前日期')"]},"metadata":{"operationMetadataId":"6087f5ce-b164-41b4-8e7f-9cadb9de8dd0"},"type":"If"}},"runAfter":{"当前日期":["Succeeded"]},"metadata":{"operationMetadataId":"e6170e8a-75c3-41e3-af2c-875558a339a6"},"type":"Foreach"},"当前时间":{"runAfter":{"列出表中存在的行":["Succeeded"]},"metadata":{"operationMetadataId":"85ce6834-89d0-45e0-859f-89aa377acc80"},"type":"Expression","kind":"CurrentTime","inputs":{}},"当前日期":{"runAfter":{"当前时间":["Succeeded"]},"metadata":{"operationMetadataId":"aeb21957-0d74-480b-a61d-994e3ff7c717"},"type":"Expression","kind":"ConvertTimeZone","inputs":{"baseTime":"@body('当前时间')","formatString":"yyyy-MM-dd","sourceTimeZone":"UTC","destinationTimeZone":"China Standard Time"}},"编辑":{"runAfter":{"应用到每一个":["Succeeded"]},"metadata":{"operationMetadataId":"12707fd5-4db2-48b7-9458-7e6c4861057b"},"type":"Compose","inputs":"@variables('WeekNo')"},"获取行":{"runAfter":{"编辑":["Succeeded"]},"metadata":{"01XXKBPXL6NLUMSMNLJNFKWB7NW7OPSWSS":"/机械小鸽/Case4每周巡检自动提醒.xlsx","operationMetadataId":"e77b0a82-2d6d-423f-bf1a-f5667d68cffb"},"type":"OpenApiConnection","inputs":{"host":{"apiId":"/providers/Microsoft.PowerApps/apis/shared_excelonlinebusiness","connectionName":"shared_excelonlinebusiness_1","operationId":"GetItem"},"parameters":{"source":"me","drive":"b!-QzJ9F6sZUerDFIP4VbDYj6HML6vfa9OnVJqjh7RX8PE336UkDuwSoURJNnjxQ8W","file":"01XXKBPXL6NLUMSMNLJNFKWB7NW7OPSWSS","table":"{70C8A593-D375-440E-A10E-6161F6E82C62}","idColumn":"周数","id":"@variables('WeekNo')"},"authentication":"@parameters('$authentication')"}},"获取行_2":{"runAfter":{"获取行":["Succeeded"]},"metadata":{"01XXKBPXL6NLUMSMNLJNFKWB7NW7OPSWSS":"/机械小鸽/Case4每周巡检自动提醒.xlsx","operationMetadataId":"97172abb-23df-468d-9e80-423690adf67e"},"type":"OpenApiConnection","inputs":{"host":{"apiId":"/providers/Microsoft.PowerApps/apis/shared_excelonlinebusiness","connectionName":"shared_excelonlinebusiness_1","operationId":"GetItem"},"parameters":{"source":"me","drive":"b!-QzJ9F6sZUerDFIP4VbDYj6HML6vfa9OnVJqjh7RX8PE336UkDuwSoURJNnjxQ8W","file":"01XXKBPXL6NLUMSMNLJNFKWB7NW7OPSWSS","table":"{E6DFAF3B-E432-4A03-8F2C-3D8E8458DEEC}","idColumn":"员工姓名","id":"@outputs('获取行')?['body/巡检小组']"},"authentication":"@parameters('$authentication')"}},"执行，直至":{"actions":{"每小时检查":{"runAfter":{},"metadata":{"01XXKBPXL6NLUMSMNLJNFKWB7NW7OPSWSS":"/机械小鸽/Case4每周巡检自动提醒.xlsx","operationMetadataId":"ae739ac1-1573-4140-baa4-02d5c1274745"},"type":"OpenApiConnection","inputs":{"host":{"apiId":"/providers/Microsoft.PowerApps/apis/shared_excelonlinebusiness","connectionName":"shared_excelonlinebusiness_1","operationId":"GetItem"},"parameters":{"source":"me","drive":"b!-QzJ9F6sZUerDFIP4VbDYj6HML6vfa9OnVJqjh7RX8PE336UkDuwSoURJNnjxQ8W","file":"01XXKBPXL6NLUMSMNLJNFKWB7NW7OPSWSS","table":"{70C8A593-D375-440E-A10E-6161F6E82C62}","idColumn":"周数","id":"@variables('WeekNo')"},"authentication":"@parameters('$authentication')"}},"条件_2":{"actions":{"在聊天或渠道中发布消息":{"runAfter":{},"metadata":{"operationMetadataId":"1f67d820-910e-4275-825d-f9351490c7b5"},"type":"OpenApiConnection","inputs":{"host":{"apiId":"/providers/Microsoft.PowerApps/apis/shared_teams","connectionName":"shared_teams","operationId":"PostMessageToConversation"},"parameters":{"poster":"Flow bot","location":"Chat with Flow bot","body/recipient":"@{outputs('获取行_2')?['body/邮箱']};","body/messageBody":"<p>hi @{outputs('获取行')?['body/巡检小组']},<br>\n<br>\n检查到你尚未完成巡检报告的提交，请理解提交到EXCEL！</p>"},"authentication":"@parameters('$authentication')"}}},"runAfter":{"每小时检查":["Succeeded"]},"else":{"actions":{"设置变量_2":{"runAfter":{},"metadata":{"operationMetadataId":"7d1237f8-4abe-408a-95da-4c2f87a280c7"},"type":"SetVariable","inputs":{"name":"Flag","value":"填充"}}}},"expression":{"equals":["@empty(outputs('每小时检查')?['body/巡检结果'])",true]},"metadata":{"operationMetadataId":"b42b3889-4445-4cf4-bd53-d13c9da8924f"},"type":"If"}},"runAfter":{"获取行_2":["Succeeded"]},"expression":"@equals(variables('Flag'), '填充')","limit":{"count":5,"timeout":"PT1M "},"metadata":{"operationMetadataId":"139127c2-a896-435d-8bc1-a3a945c5b57b"},"type":"Until"},"初始化变量":{"runAfter":{"周数":["Succeeded"]},"metadata":{"operationMetadataId":"fc7b17ff-ba52-4e3a-9b24-09620e19c137"},"type":"InitializeVariable","inputs":{"variables":[{"name":"Flag","type":"string","value":"空白"}]}}}},"connectionReferences":{"shared_excelonlinebusiness_1":{"connectionName":"shared-excelonlinebu-0ae96f1a-5d06-4f2c-bea6-faa8b2f01af0","source":"Embedded","id":"/providers/Microsoft.PowerApps/apis/shared_excelonlinebusiness","tier":"NotSpecified"},"shared_teams":{"connectionName":"shared-teams-c55e7218-4ad6-4e9e-bb35-3ff36b1cdc40","source":"Embedded","id":"/providers/Microsoft.PowerApps/apis/shared_teams","tier":"NotSpecified"}},"flowFailureAlertSubscribed":false,"isManaged":false}}