{"name":"4b623172-cb9e-4b6e-a37e-70043d074125","id":"/providers/Microsoft.Flow/flows/4b623172-cb9e-4b6e-a37e-70043d074125","type":"Microsoft.Flow/flows","properties":{"apiId":"/providers/Microsoft.PowerApps/apis/shared_logicflows","displayName":"Case2-问题反馈与处理流程-Forms到List到Planner","definition":{"metadata":{"workflowEntityId":null,"processAdvisorMetadata":null,"flowclientsuspensionreason":"None","flowclientsuspensiontime":null,"creator":{"id":"90992087-b016-48be-8777-427cc981023a","type":"User","tenantId":"d4f1bf94-e3d0-4385-95eb-93bc9a80edd3"},"provisioningMethod":"FromDefinition","failureAlertSubscription":true,"clientLastModifiedTime":"2022-05-01T05:06:48.2842347Z"},"$schema":"https://schema.management.azure.com/providers/Microsoft.Logic/schemas/2016-06-01/workflowdefinition.json#","contentVersion":"1.0.0.0","parameters":{"$connections":{"defaultValue":{},"type":"Object"},"$authentication":{"defaultValue":{},"type":"SecureObject"}},"triggers":{"提交新回复时":{"splitOn":"@triggerOutputs()?['body/value']","metadata":{"operationMetadataId":"9178b645-d71c-4639-80a4-2cc33d51a3eb"},"type":"OpenApiConnectionWebhook","inputs":{"host":{"apiId":"/providers/Microsoft.PowerApps/apis/shared_microsoftforms","connectionName":"shared_microsoftforms","operationId":"CreateFormWebhook"},"parameters":{"form_id":"lL_x1NDjhUOV65O8moDt04cgmZAWsL5Ih3dCfMmBAjpUN0xDWVJNOUwxSjNIT0dKRlJFR1RWMVRVSy4u"},"authentication":"@parameters('$authentication')"}}},"actions":{"获取回复详细信息":{"runAfter":{},"metadata":{"operationMetadataId":"1e3a8903-d2ad-4eb8-9147-faed6b236f1a"},"type":"OpenApiConnection","inputs":{"host":{"apiId":"/providers/Microsoft.PowerApps/apis/shared_microsoftforms","connectionName":"shared_microsoftforms","operationId":"GetFormResponseById"},"parameters":{"form_id":"lL_x1NDjhUOV65O8moDt04cgmZAWsL5Ih3dCfMmBAjpUN0xDWVJNOUwxSjNIT0dKRlJFR1RWMVRVSy4u","response_id":"@triggerOutputs()?['body/resourceData/responseId']"},"authentication":"@parameters('$authentication')"}},"条件":{"actions":{"分析_JSON":{"runAfter":{},"metadata":{"operationMetadataId":"165631b1-ba9a-4c23-a0fa-c76c7c8393c1"},"type":"ParseJson","inputs":{"content":"@outputs('获取回复详细信息')?['body/rf1fa0656e8114cdb9a62a8175a90ca8e']","schema":{"type":"array","items":{"type":"object","properties":{"name":{"type":"string"},"link":{"type":"string"},"id":{"type":"string"},"type":{},"size":{"type":"integer"},"referenceId":{"type":"string"},"driveId":{"type":"string"},"status":{"type":"integer"},"uploadSessionUrl":{}},"required":["name","link","id","type","size","referenceId","driveId","status","uploadSessionUrl"]}}}},"应用到每一个":{"foreach":"@body('分析_JSON')","actions":{"获取文件内容":{"runAfter":{},"metadata":{"operationMetadataId":"099d2f66-c01a-4a04-96d9-b6368709c29b"},"type":"OpenApiConnection","inputs":{"host":{"apiId":"/providers/Microsoft.PowerApps/apis/shared_onedriveforbusiness","connectionName":"shared_onedriveforbusiness","operationId":"GetFileContent"},"parameters":{"id":"@items('应用到每一个')['id']","inferContentType":true},"authentication":"@parameters('$authentication')"}},"添加附件":{"runAfter":{"获取文件内容":["Succeeded"]},"metadata":{"operationMetadataId":"5a63f8b7-6992-449f-aba3-ff379a8b7640"},"type":"OpenApiConnection","inputs":{"host":{"apiId":"/providers/Microsoft.PowerApps/apis/shared_sharepointonline","connectionName":"shared_sharepointonline","operationId":"CreateAttachment"},"parameters":{"dataset":"https://3f320d.sharepoint.com/sites/PowerPlatform","table":"7239bd3c-ad02-445f-b6fe-c1e99b0bb006","itemId":"@outputs('创建项')?['body/ID']","displayName":"@items('应用到每一个')['name']","body":"@body('获取文件内容')"},"authentication":"@parameters('$authentication')"}},"更新任务详细信息":{"runAfter":{"添加附件":["Succeeded"]},"metadata":{"operationMetadataId":"8e729c08-b034-4838-b961-4904b2255032"},"type":"OpenApiConnection","inputs":{"host":{"apiId":"/providers/Microsoft.PowerApps/apis/shared_planner","connectionName":"shared_planner","operationId":"UpdateTaskDetails_V2"},"parameters":{"id":"@{outputs('创建任务_2')?['body/id']}@{outputs('创建任务_3')?['body/id']}@{outputs('创建任务')?['body/id']}@{outputs('创建任务_4')?['body/id']}@{outputs('创建任务_5')?['body/id']}","body/description":"【解决方案】","body/references":[{"alias":"@items('应用到每一个')['name']","resourceLink":"@items('应用到每一个')['link']"}]},"authentication":"@parameters('$authentication')"}}},"runAfter":{"分析_JSON":["Succeeded"]},"metadata":{"operationMetadataId":"6d3fa083-0d34-49f0-a014-4028a121a5a1"},"type":"Foreach"}},"runAfter":{"Switch":["Succeeded"]},"expression":{"equals":["@outputs('获取回复详细信息')?['body/r8bc463248722408dbffbcdeade97ab52']","是"]},"metadata":{"operationMetadataId":"5b3b0893-ba34-4766-b8f6-4ebd0e71f674"},"type":"If"},"创建项":{"runAfter":{"获取将来的时间":["Succeeded"]},"metadata":{"operationMetadataId":"5ad12bd1-3571-4620-b1c4-e53879d2dcc5"},"type":"OpenApiConnection","inputs":{"host":{"apiId":"/providers/Microsoft.PowerApps/apis/shared_sharepointonline","connectionName":"shared_sharepointonline","operationId":"PostItem"},"parameters":{"dataset":"https://3f320d.sharepoint.com/sites/PowerPlatform","table":"7239bd3c-ad02-445f-b6fe-c1e99b0bb006","item/Title":"【问题】@{outputs('获取回复详细信息')?['body/r9760e0c501844b1db0ee203b8021f48b']}","item/OData__x53cd__x9988__x4eba_/Claims":"@outputs('获取回复详细信息')?['body/responder']","item/OData__x53cd__x9988__x4eba__x90ae__x7b":"@outputs('获取回复详细信息')?['body/responder']","item/OData__x63d0__x4ea4__x65f6__x95f4_":"@outputs('获取回复详细信息')?['body/submitDate']","item/OData__x95ee__x9898__x5f52__x7c7b_/Value":"@outputs('获取回复详细信息')?['body/r0fabb95368d14364b9122f3355c248a3']","item/OData__x8d23__x4efb__x4eba__x90ae__x7b":"@variables('Emailbox')","item/OData__x76ee__x6807__x5b8c__x6210__x65":"@body('获取将来的时间')","item/OData__x4efb__x52a1__x72b6__x6001_/Value":"新提交"},"authentication":"@parameters('$authentication')"}},"获取将来的时间":{"runAfter":{"责任人邮箱地址":["Succeeded"]},"metadata":{"operationMetadataId":"5bbf3e86-3a63-4e0d-b99f-67cee57e72b0"},"type":"Expression","kind":"GetFutureTime","inputs":{"interval":3,"timeUnit":"Day"}},"责任人邮箱地址":{"runAfter":{"获取回复详细信息":["Succeeded"]},"metadata":{"operationMetadataId":"e0e03736-b278-401c-adca-bb4ced42e1e8"},"type":"InitializeVariable","inputs":{"variables":[{"name":"Emailbox","type":"string"}]}},"Switch":{"runAfter":{"创建项":["Succeeded"]},"cases":{"大小写":{"case":"质量问题","actions":{"设置变量":{"runAfter":{},"type":"SetVariable","inputs":{"name":"Emailbox","value":"Jeff@3f320d.onmicrosoft.com"}},"创建任务_2":{"runAfter":{"设置变量":["Succeeded"]},"type":"OpenApiConnection","inputs":{"host":{"apiId":"/providers/Microsoft.PowerApps/apis/shared_planner","connectionName":"shared_planner","operationId":"CreateTask_V3"},"parameters":{"body/groupId":"a51a339e-22da-4e51-8ad9-a25ee3d0a590","body/planId":"hC6MpcrTt0CcYR_9bmTcY8kACVvx","body/title":"@outputs('创建项')?['body/Title']","body/bucketId":"OK6cEL1y3ECEvqjaHTrdWMkAIY9p","body/startDateTime":"@outputs('获取回复详细信息')?['body/submitDate']","body/dueDateTime":"@body('获取将来的时间')","body/assignments":"@variables('Emailbox')"},"authentication":"@parameters('$authentication')"}}}},"大小写_2":{"case":"安全隐患","actions":{"设置变量_2":{"runAfter":{},"type":"SetVariable","inputs":{"name":"Emailbox","value":"HR@3f320d.onmicrosoft.com"}},"创建任务_3":{"runAfter":{"设置变量_2":["Succeeded"]},"type":"OpenApiConnection","inputs":{"host":{"apiId":"/providers/Microsoft.PowerApps/apis/shared_planner","connectionName":"shared_planner","operationId":"CreateTask_V3"},"parameters":{"body/groupId":"a51a339e-22da-4e51-8ad9-a25ee3d0a590","body/planId":"hC6MpcrTt0CcYR_9bmTcY8kACVvx","body/title":"@outputs('创建项')?['body/Title']","body/bucketId":"_o5Uxmht9kuz9mX66voBhMkAAmMQ","body/startDateTime":"@outputs('获取回复详细信息')?['body/submitDate']","body/dueDateTime":"@body('获取将来的时间')","body/assignments":"@variables('Emailbox')"},"authentication":"@parameters('$authentication')"}}}},"大小写_3":{"case":"设备问题","actions":{"设置变量_3":{"runAfter":{},"type":"SetVariable","inputs":{"name":"Emailbox","value":"Staff@3f320d.onmicrosoft.com"}},"创建任务":{"runAfter":{"设置变量_3":["Succeeded"]},"type":"OpenApiConnection","inputs":{"host":{"apiId":"/providers/Microsoft.PowerApps/apis/shared_planner","connectionName":"shared_planner","operationId":"CreateTask_V4"},"parameters":{"body/groupId":"a51a339e-22da-4e51-8ad9-a25ee3d0a590","body/planId":"hC6MpcrTt0CcYR_9bmTcY8kACVvx","body/title":"@outputs('创建项')?['body/Title']","body/bucketId":"oWJBLNN29E-WPJz8KfIYsckAGxlu","body/startDateTime":"@outputs('获取回复详细信息')?['body/submitDate']","body/dueDateTime":"@body('获取将来的时间')","body/assignments":"@variables('Emailbox')"},"authentication":"@parameters('$authentication')"}}}},"大小写_4":{"case":"仓储问题","actions":{"设置变量_4":{"runAfter":{},"type":"SetVariable","inputs":{"name":"Emailbox","value":"xiao@3f320d.onmicrosoft.com"}},"创建任务_4":{"runAfter":{"设置变量_4":["Succeeded"]},"type":"OpenApiConnection","inputs":{"host":{"apiId":"/providers/Microsoft.PowerApps/apis/shared_planner","connectionName":"shared_planner","operationId":"CreateTask_V4"},"parameters":{"body/groupId":"a51a339e-22da-4e51-8ad9-a25ee3d0a590","body/planId":"hC6MpcrTt0CcYR_9bmTcY8kACVvx","body/title":"@outputs('创建项')?['body/Title']","body/bucketId":"y_k-AI3-00KKIaGXIvMJoskAOgpd","body/startDateTime":"@outputs('获取回复详细信息')?['body/submitDate']","body/dueDateTime":"@body('获取将来的时间')","body/assignments":"@variables('Emailbox')"},"authentication":"@parameters('$authentication')"}}}}},"default":{"actions":{"设置变量_5":{"runAfter":{},"type":"SetVariable","inputs":{"name":"Emailbox","value":"boss@3f320d.onmicrosoft.com"}},"创建任务_5":{"runAfter":{"设置变量_5":["Succeeded"]},"type":"OpenApiConnection","inputs":{"host":{"apiId":"/providers/Microsoft.PowerApps/apis/shared_planner","connectionName":"shared_planner","operationId":"CreateTask_V4"},"parameters":{"body/groupId":"a51a339e-22da-4e51-8ad9-a25ee3d0a590","body/planId":"hC6MpcrTt0CcYR_9bmTcY8kACVvx","body/title":"@outputs('创建项')?['body/Title']","body/bucketId":"roD0D4mzGUWwfdLX4dYNzMkAOjDj","body/startDateTime":"@outputs('获取回复详细信息')?['body/submitDate']","body/dueDateTime":"@body('获取将来的时间')","body/assignments":"@variables('Emailbox')"},"authentication":"@parameters('$authentication')"}}}},"expression":"@outputs('获取回复详细信息')?['body/r0fabb95368d14364b9122f3355c248a3']","metadata":{"operationMetadataId":"88459067-015e-43b4-866e-548836e5ad42"},"type":"Switch"},"更新项":{"runAfter":{"条件":["Succeeded"]},"metadata":{"operationMetadataId":"b63e3826-cf8f-4c48-9519-4edc85382480"},"type":"OpenApiConnection","inputs":{"host":{"apiId":"/providers/Microsoft.PowerApps/apis/shared_sharepointonline","connectionName":"shared_sharepointonline","operationId":"PatchItem"},"parameters":{"dataset":"https://3f320d.sharepoint.com/sites/PowerPlatform","table":"7239bd3c-ad02-445f-b6fe-c1e99b0bb006","id":"@outputs('创建项')?['body/ID']","item/Title":"@outputs('创建项')?['body/Title']","item/OData__x8d23__x4efb__x4eba__x90ae__x7b":"@variables('Emailbox')","item/OData__x4efb__x52a1__x72b6__x6001_/Value":"已分配","item/PlannerID":"@{outputs('创建任务_5')?['body/id']}@{outputs('创建任务_4')?['body/id']}@{outputs('创建任务')?['body/id']}@{outputs('创建任务_3')?['body/id']}@{outputs('创建任务_2')?['body/id']}"},"authentication":"@parameters('$authentication')"}}}},"connectionReferences":{"shared_microsoftforms":{"connectionName":"shared-microsoftform-2020bf08-6d1b-40a7-ad26-f8aaada01390","source":"Embedded","id":"/providers/Microsoft.PowerApps/apis/shared_microsoftforms","tier":"NotSpecified"},"shared_sharepointonline":{"connectionName":"afc9a1b8992d41f7b4e195ef4f661ade","source":"Embedded","id":"/providers/Microsoft.PowerApps/apis/shared_sharepointonline","tier":"NotSpecified"},"shared_onedriveforbusiness":{"connectionName":"shared-onedriveforbu-6ea7f39f-7e5c-48ac-9560-b77b80b41526","source":"Embedded","id":"/providers/Microsoft.PowerApps/apis/shared_onedriveforbusiness","tier":"NotSpecified"},"shared_planner":{"connectionName":"shared-planner-9c551508-3e4c-49ea-afd7-eb036cbd0345","source":"Embedded","id":"/providers/Microsoft.PowerApps/apis/shared_planner","tier":"NotSpecified"}},"flowFailureAlertSubscribed":false,"isManaged":false}}