{"name":"af8ba3cc-6a8d-4c71-986b-af01e6b0b8a7","id":"/providers/Microsoft.Flow/flows/af8ba3cc-6a8d-4c71-986b-af01e6b0b8a7","type":"Microsoft.Flow/flows","properties":{"apiId":"/providers/Microsoft.PowerApps/apis/shared_logicflows","displayName":"Case10-设备报修与维保跟踪","definition":{"metadata":{"workflowEntityId":null,"processAdvisorMetadata":null,"flowclientsuspensionreason":"None","flowclientsuspensiontime":null,"creator":{"id":"90992087-b016-48be-8777-427cc981023a","type":"User","tenantId":"d4f1bf94-e3d0-4385-95eb-93bc9a80edd3"},"provisioningMethod":"FromDefinition","failureAlertSubscription":true,"clientLastModifiedTime":"2022-05-03T13:55:26.5854703Z"},"$schema":"https://schema.management.azure.com/providers/Microsoft.Logic/schemas/2016-06-01/workflowdefinition.json#","contentVersion":"1.0.0.0","parameters":{"$connections":{"defaultValue":{},"type":"Object"},"$authentication":{"defaultValue":{},"type":"SecureObject"}},"triggers":{"已提交窗体":{"metadata":{"operationMetadataId":"3de8b626-d5ea-419e-a1a1-06c71bea6434"},"type":"OpenApiConnectionWebhook","inputs":{"host":{"apiId":"/providers/Microsoft.PowerApps/apis/shared_plumsailforms","connectionName":"shared_plumsailforms","operationId":"FormIsSubmitted"},"parameters":{"subscriber/formId":"d5ce18d3-a0fd-40d0-9022-fc453317da2a"},"authentication":"@parameters('$authentication')"}}},"actions":{"分析_JSON":{"runAfter":{},"metadata":{"operationMetadataId":"a2fd5bcf-c31a-4239-8a8c-890be82d162f"},"type":"ParseJson","inputs":{"content":"@triggerOutputs()?['body/Attachments']","schema":{"type":"array","items":{"type":"object","properties":{"id":{"type":"string"},"file":{"type":"string"},"url":{"type":"string"},"uid":{"type":"string"},"size":{"type":"integer"}},"required":["id","file","url","uid","size"]}}}},"创建项":{"runAfter":{"分析_JSON":["Succeeded"]},"metadata":{"operationMetadataId":"5bca70be-f44a-4259-bec9-47dc3add3e01"},"type":"OpenApiConnection","inputs":{"host":{"apiId":"/providers/Microsoft.PowerApps/apis/shared_sharepointonline","connectionName":"shared_sharepointonline","operationId":"PostItem"},"parameters":{"dataset":"https://3f320d.sharepoint.com/sites/AutomateCase","table":"5072e2df-ae5b-4756-9618-16af9bcf3039","item/Title":"@triggerOutputs()?['body/__id']","item/OData__x63d0__x4ea4__x4eba_":"@triggerOutputs()?['body/Name']","item/OData__x624b__x673a_":"@triggerOutputs()?['body/Phone']","item/OData__x63d0__x4ea4__x65f6__x95f4_":"@utcNow()","item/OData__x8bbe__x5907__x4f4d__x7f6e_":"@triggerOutputs()?['body/Location']","item/OData__x6545__x969c__x63cf__x8ff0_":"@triggerOutputs()?['body/Note']"},"authentication":"@parameters('$authentication')"}},"更新项":{"runAfter":{"设置数字格式":["Succeeded"]},"metadata":{"operationMetadataId":"7cf69d08-84fa-4c62-a6bf-8ffe4a862d73"},"type":"OpenApiConnection","inputs":{"host":{"apiId":"/providers/Microsoft.PowerApps/apis/shared_sharepointonline","connectionName":"shared_sharepointonline","operationId":"PatchItem"},"parameters":{"dataset":"https://3f320d.sharepoint.com/sites/AutomateCase","table":"5072e2df-ae5b-4756-9618-16af9bcf3039","id":"@outputs('创建项')?['body/ID']","item/Title":"Task@{body('设置数字格式')}"},"authentication":"@parameters('$authentication')"}},"设置数字格式":{"runAfter":{"创建项":["Succeeded"]},"metadata":{"operationMetadataId":"bb58713d-bb5f-4d34-b114-230931ef693e"},"type":"Expression","kind":"FormatNumber","inputs":{"number":"@outputs('创建项')?['body/ID']","format":"000"}},"从_URL_上传文件":{"runAfter":{"更新项":["Succeeded"]},"metadata":{"operationMetadataId":"881f8aff-33cb-4500-a60b-dda5e16a9faa"},"type":"OpenApiConnection","inputs":{"host":{"apiId":"/providers/Microsoft.PowerApps/apis/shared_onedriveforbusiness","connectionName":"shared_onedriveforbusiness","operationId":"CopyFile"},"parameters":{"source":"http://qr.kegood.com/?m=0&e=L&p=5&url=@{outputs('更新项')?['body/Title']}","destination":"@{outputs('更新项')?['body/Title']}_@{utcNow()}.png","overwrite":false},"authentication":"@parameters('$authentication')"}},"html源码":{"runAfter":{"QRcode-URL":["Succeeded"]},"metadata":{"operationMetadataId":"a3294d03-31c4-44cd-a023-7d664798a1b4"},"type":"Compose","inputs":"<html>\n\n<head>\n<meta http-equiv=Content-Type content=\"text/html; charset=gb2312\">\n<meta name=Generator content=\"Microsoft Word 15 (filtered)\">\n<style>\n<!--\n /* Font Definitions */\n @font-face\n\t{font-family:\"Cambria Math\";\n\tpanose-1:2 4 5 3 5 4 6 3 2 4;}\n@font-face\n\t{font-family:等线;\n\tpanose-1:2 1 6 0 3 1 1 1 1 1;}\n@font-face\n\t{font-family:Calibri;\n\tpanose-1:2 15 5 2 2 2 4 3 2 4;}\n@font-face\n\t{font-family:\"\\@等线\";\n\tpanose-1:2 1 6 0 3 1 1 1 1 1;}\n /* Style Definitions */\n p.MsoNormal, li.MsoNormal, div.MsoNormal\n\t{margin-top:0in;\n\tmargin-right:0in;\n\tmargin-bottom:8.0pt;\n\tmargin-left:0in;\n\tline-height:107%;\n\tfont-size:11.0pt;\n\tfont-family:\"Calibri\",sans-serif;}\n.MsoPapDefault\n\t{margin-bottom:8.0pt;\n\tline-height:107%;}\n /* Page Definitions */\n @page WordSection1\n\t{size:8.5in 11.0in;\n\tmargin:1.0in 1.25in 1.0in 1.25in;}\ndiv.WordSection1\n\t{page:WordSection1;}\n-->\n</style>\n\n</head>\n\n<body lang=EN-US link=\"#0563C1\" vlink=\"#954F72\" style='word-wrap:break-word'>\n\n<div class=WordSection1>\n\n<table class=MsoTableGrid border=1 cellspacing=0 cellpadding=0\n style='border-collapse:collapse;border:none'>\n <tr>\n  <td width=575 colspan=2 valign=top style='width:431.5pt;border:solid windowtext 1.0pt;\n  padding:0in 5.4pt 0in 5.4pt'>\n  <p class=MsoNormal align=center style='margin-bottom:0in;text-align:center;\n  line-height:normal'><span lang=ZH-CN style='font-size:12.0pt;font-family:\n  等线'>设备异常报修单</span></p>\n  </td>\n </tr>\n <tr>\n  <td width=288 style='width:215.75pt;border:solid windowtext 1.0pt;border-top:\n  none;padding:0in 5.4pt 0in 5.4pt'>\n  <p class=MsoNormal align=center style='margin-bottom:0in;text-align:center;\n  line-height:normal'><span lang=ZH-CN style='font-size:12.0pt;font-family:\n  等线'>报修编号</span></p>\n  </td>\n  <td width=288 style='width:215.75pt;border-top:none;border-left:none;\n  border-bottom:solid windowtext 1.0pt;border-right:solid windowtext 1.0pt;\n  padding:0in 5.4pt 0in 5.4pt'>\n  <p class=MsoNormal align=center style='margin-bottom:0in;text-align:center;\n  line-height:normal'><span style='font-size:12.0pt;font-family:\"Arial\",sans-serif'>@{outputs('更新项')?['body/Title']}</span></p>\n  </td>\n </tr>\n <tr>\n  <td width=288 style='width:215.75pt;border:solid windowtext 1.0pt;border-top:\n  none;padding:0in 5.4pt 0in 5.4pt'>\n  <p class=MsoNormal align=center style='margin-bottom:0in;text-align:center;\n  line-height:normal'><span lang=ZH-CN style='font-size:12.0pt;font-family:\n  等线'>提交人</span></p>\n  </td>\n  <td width=288 style='width:215.75pt;border-top:none;border-left:none;\n  border-bottom:solid windowtext 1.0pt;border-right:solid windowtext 1.0pt;\n  padding:0in 5.4pt 0in 5.4pt'>\n  <p class=MsoNormal align=center style='margin-bottom:0in;text-align:center;\n  line-height:normal'><span style='font-size:12.0pt;font-family:\"Arial\",sans-serif'>@{outputs('更新项')?['body/OData__x63d0__x4ea4__x4eba_']}</span></p>\n  </td>\n </tr>\n <tr>\n  <td width=288 style='width:215.75pt;border:solid windowtext 1.0pt;border-top:\n  none;padding:0in 5.4pt 0in 5.4pt'>\n  <p class=MsoNormal align=center style='margin-bottom:0in;text-align:center;\n  line-height:normal'><span lang=ZH-CN style='font-size:12.0pt;font-family:\n  等线'>手机号</span></p>\n  </td>\n  <td width=288 style='width:215.75pt;border-top:none;border-left:none;\n  border-bottom:solid windowtext 1.0pt;border-right:solid windowtext 1.0pt;\n  padding:0in 5.4pt 0in 5.4pt'>\n  <p class=MsoNormal align=center style='margin-bottom:0in;text-align:center;\n  line-height:normal'><span style='font-size:12.0pt;font-family:\"Arial\",sans-serif'>@{outputs('更新项')?['body/OData__x624b__x673a_']}</span></p>\n  </td>\n </tr>\n <tr>\n  <td width=288 style='width:215.75pt;border:solid windowtext 1.0pt;border-top:\n  none;padding:0in 5.4pt 0in 5.4pt'>\n  <p class=MsoNormal align=center style='margin-bottom:0in;text-align:center;\n  line-height:normal'><span lang=ZH-CN style='font-size:12.0pt;font-family:\n  等线'>提交时间</span></p>\n  </td>\n  <td width=288 style='width:215.75pt;border-top:none;border-left:none;\n  border-bottom:solid windowtext 1.0pt;border-right:solid windowtext 1.0pt;\n  padding:0in 5.4pt 0in 5.4pt'>\n  <p class=MsoNormal align=center style='margin-bottom:0in;text-align:center;\n  line-height:normal'><span style='font-size:12.0pt;font-family:\"Arial\",sans-serif'>@{outputs('更新项')?['body/OData__x63d0__x4ea4__x65f6__x95f4_']}</span></p>\n  </td>\n </tr>\n <tr>\n  <td width=288 style='width:215.75pt;border:solid windowtext 1.0pt;border-top:\n  none;padding:0in 5.4pt 0in 5.4pt'>\n  <p class=MsoNormal align=center style='margin-bottom:0in;text-align:center;\n  line-height:normal'><span lang=ZH-CN style='font-size:12.0pt;font-family:\n  等线'>设备位置</span></p>\n  </td>\n  <td width=288 style='width:215.75pt;border-top:none;border-left:none;\n  border-bottom:solid windowtext 1.0pt;border-right:solid windowtext 1.0pt;\n  padding:0in 5.4pt 0in 5.4pt'>\n  <p class=MsoNormal align=center style='margin-bottom:0in;text-align:center;\n  line-height:normal'><span style='font-size:12.0pt;font-family:\"Arial\",sans-serif'>@{outputs('更新项')?['body/OData__x8bbe__x5907__x4f4d__x7f6e_']}</span></p>\n  </td>\n </tr>\n <tr>\n  <td width=288 style='width:215.75pt;border:solid windowtext 1.0pt;border-top:\n  none;padding:0in 5.4pt 0in 5.4pt'>\n  <p class=MsoNormal align=center style='margin-bottom:0in;text-align:center;\n  line-height:normal'><span lang=ZH-CN style='font-size:12.0pt;font-family:\n  等线'>故障描述</span></p>\n  </td>\n  <td width=288 style='width:215.75pt;border-top:none;border-left:none;\n  border-bottom:solid windowtext 1.0pt;border-right:solid windowtext 1.0pt;\n  padding:0in 5.4pt 0in 5.4pt'>\n  <p class=MsoNormal align=center style='margin-bottom:0in;text-align:center;\n  line-height:normal'><span style='font-size:12.0pt;font-family:\"Arial\",sans-serif'>@{outputs('更新项')?['body/OData__x6545__x969c__x63cf__x8ff0_']}</span></p>\n  </td>\n </tr>\n <tr>\n  <td width=575 colspan=2 style='width:431.5pt;border:solid windowtext 1.0pt;\n  border-top:none;padding:0in 5.4pt 0in 5.4pt'>\n  <p class=MsoNormal align=center style='margin-bottom:0in;text-align:center;\n  line-height:normal'><span style='font-size:12.0pt;font-family:\"Arial\",sans-serif'><img\n  width=384 height=384 id=\"图片 4\" src=\"@{outputs('QRcode-URL')}\"></span></p>\n  </td>\n </tr>\n</table>\n\n<p class=MsoNormal><span style='font-size:12.0pt;line-height:107%;font-family:\n\"Arial\",sans-serif'>&nbsp;</span></p>\n\n</div>\n\n</body>\n\n</html>\n"},"QRcode-URL":{"runAfter":{"从_URL_上传文件":["Succeeded"]},"metadata":{"operationMetadataId":"5e9d18f1-7a94-4de4-bb10-a798ec1b54c1"},"type":"Compose","inputs":"http://qr.kegood.com/?m=0&e=L&p=5&url=@{outputs('更新项')?['body/Title']}"},"创建文件":{"runAfter":{"html源码":["Succeeded"]},"metadata":{"operationMetadataId":"515ebe01-5af2-4311-ab97-8995dcab3156"},"type":"OpenApiConnection","inputs":{"host":{"apiId":"/providers/Microsoft.PowerApps/apis/shared_sharepointonline","connectionName":"shared_sharepointonline","operationId":"CreateFile"},"parameters":{"dataset":"https://3f320d.sharepoint.com/sites/AutomateCase","folderPath":"/Shared Documents","name":"Temp_@{utcNow()}.HTML","body":"@outputs('html源码')"},"authentication":"@parameters('$authentication')"},"runtimeConfiguration":{"contentTransfer":{"transferMode":"Chunked"}}},"创建文件-HTML":{"runAfter":{"创建文件":["Succeeded"]},"metadata":{"operationMetadataId":"0ba7155c-c4fe-457f-882b-9ee236e3e555"},"type":"OpenApiConnection","inputs":{"host":{"apiId":"/providers/Microsoft.PowerApps/apis/shared_onedriveforbusiness","connectionName":"shared_onedriveforbusiness","operationId":"CreateFile"},"parameters":{"folderPath":"/Image","name":"@outputs('创建文件')?['body/Name']","body":"@outputs('html源码')"},"authentication":"@parameters('$authentication')"},"runtimeConfiguration":{"contentTransfer":{"transferMode":"Chunked"}}},"转换文件-JPG":{"runAfter":{"创建文件-HTML":["Succeeded"]},"metadata":{"operationMetadataId":"8b769b1c-32e8-49ce-b3bd-f815e0a6a161"},"type":"OpenApiConnection","inputs":{"host":{"apiId":"/providers/Microsoft.PowerApps/apis/shared_onedriveforbusiness","connectionName":"shared_onedriveforbusiness","operationId":"ConvertFile"},"parameters":{"id":"@outputs('创建文件-HTML')?['body/Id']","type":"JPG"},"authentication":"@parameters('$authentication')"}},"创建文件_JPG_-_SP":{"runAfter":{"转换文件-JPG":["Succeeded"]},"metadata":{"operationMetadataId":"c82cbe7b-650c-4c1e-ae16-16eb63b07ea0"},"type":"OpenApiConnection","inputs":{"host":{"apiId":"/providers/Microsoft.PowerApps/apis/shared_sharepointonline","connectionName":"shared_sharepointonline","operationId":"CreateFile"},"parameters":{"dataset":"https://3f320d.sharepoint.com/sites/AutomateCase","folderPath":"/Shared Documents","name":"@outputs('转换文件-JPG')?['headers/x-ms-file-name']","body":"@body('转换文件-JPG')"},"authentication":"@parameters('$authentication')"},"runtimeConfiguration":{"contentTransfer":{"transferMode":"Chunked"}}},"应用到每一个":{"foreach":"@body('分析_JSON')","actions":{"从_URL_上传文件_2":{"runAfter":{},"metadata":{"operationMetadataId":"f767f397-ad18-4b9b-8822-bc986b3239e2"},"type":"OpenApiConnection","inputs":{"host":{"apiId":"/providers/Microsoft.PowerApps/apis/shared_onedriveforbusiness","connectionName":"shared_onedriveforbusiness","operationId":"CopyFile"},"parameters":{"source":"@items('应用到每一个')['url']","destination":"@{utcNow()}_@{items('应用到每一个')['file']}","overwrite":false},"authentication":"@parameters('$authentication')"}},"添加附件":{"runAfter":{"获取文件内容":["Succeeded"]},"metadata":{"operationMetadataId":"ef2e90bf-ee4b-4d7a-9e39-bebc9454c945"},"type":"OpenApiConnection","inputs":{"host":{"apiId":"/providers/Microsoft.PowerApps/apis/shared_sharepointonline","connectionName":"shared_sharepointonline","operationId":"CreateAttachment"},"parameters":{"dataset":"https://3f320d.sharepoint.com/sites/AutomateCase","table":"5072e2df-ae5b-4756-9618-16af9bcf3039","itemId":"@outputs('创建项')?['body/ID']","displayName":"@items('应用到每一个')['file']","body":"@body('获取文件内容')"},"authentication":"@parameters('$authentication')"}},"获取文件内容":{"runAfter":{"从_URL_上传文件_2":["Succeeded"]},"metadata":{"operationMetadataId":"81c2b412-1780-48c8-9320-ff435c2d7a3b"},"type":"OpenApiConnection","inputs":{"host":{"apiId":"/providers/Microsoft.PowerApps/apis/shared_onedriveforbusiness","connectionName":"shared_onedriveforbusiness","operationId":"GetFileContent"},"parameters":{"id":"@outputs('从_URL_上传文件_2')?['body/Id']","inferContentType":true},"authentication":"@parameters('$authentication')"}}},"runAfter":{"更新项_2":["Succeeded"]},"metadata":{"operationMetadataId":"8b4f45d2-f4c3-4f64-88a1-20d8c35438df"},"type":"Foreach"},"更新项_2":{"runAfter":{"创建文件_JPG_-_SP":["Succeeded"]},"metadata":{"operationMetadataId":"a4093f99-e5a9-4063-902f-251eaec78f92"},"type":"OpenApiConnection","inputs":{"host":{"apiId":"/providers/Microsoft.PowerApps/apis/shared_sharepointonline","connectionName":"shared_sharepointonline","operationId":"PatchItem"},"parameters":{"dataset":"https://3f320d.sharepoint.com/sites/AutomateCase","table":"5072e2df-ae5b-4756-9618-16af9bcf3039","id":"@outputs('创建项')?['body/ID']","item/Title":"@outputs('更新项')?['body/Title']","item/OData__x4fdd__x4fee__x5355_":"https://3f320d.sharepoint.com/sites/AutomateCase@{outputs('创建文件_JPG_-_SP')?['body/Path']}"},"authentication":"@parameters('$authentication')"}},"发送电子邮件(V2)":{"runAfter":{"应用到每一个":["Succeeded"]},"metadata":{"operationMetadataId":"439eecc9-7d3c-484e-b146-4b55b2d5883c"},"type":"OpenApiConnection","inputs":{"host":{"apiId":"/providers/Microsoft.PowerApps/apis/shared_office365","connectionName":"shared_office365","operationId":"SendEmailV2"},"parameters":{"emailMessage/To":"Jeff@3f320d.onmicrosoft.com","emailMessage/Subject":"【新报修】@{outputs('更新项_2')?['body/OData__x8bbe__x5907__x4f4d__x7f6e_']}","emailMessage/Body":"<p>新设备故障！请处理！<br>\n<br>\n故障描述！@{outputs('更新项_2')?['body/OData__x6545__x969c__x63cf__x8ff0_']}<br>\n<span style=\"font-size: 18px\"><br>\n</span><a href=\"@{outputs('更新项_2')?['body/{Link}']}\"><span style=\"font-size: 18px\">详情链接</span></a><span style=\"font-size: 18px\">&nbsp;</span></p>","emailMessage/Attachments":[{"Name":"@outputs('转换文件-JPG')?['headers/x-ms-file-name']","ContentBytes":"@body('转换文件-JPG')"}],"emailMessage/Importance":"Normal"},"authentication":"@parameters('$authentication')"}}},"outputs":{}},"connectionReferences":{"shared_plumsailforms":{"connectionName":"a84a71d8f7de45da898e98476f2f6625","source":"Embedded","id":"/providers/Microsoft.PowerApps/apis/shared_plumsailforms","tier":"NotSpecified"},"shared_sharepointonline":{"connectionName":"afc9a1b8992d41f7b4e195ef4f661ade","source":"Embedded","id":"/providers/Microsoft.PowerApps/apis/shared_sharepointonline","tier":"NotSpecified"},"shared_onedriveforbusiness":{"connectionName":"shared-onedriveforbu-6ea7f39f-7e5c-48ac-9560-b77b80b41526","source":"Embedded","id":"/providers/Microsoft.PowerApps/apis/shared_onedriveforbusiness","tier":"NotSpecified"},"shared_office365":{"connectionName":"eaabdafbe4284fc78d1b698bd15f817d","source":"Embedded","id":"/providers/Microsoft.PowerApps/apis/shared_office365","tier":"NotSpecified"}},"flowFailureAlertSubscribed":false,"isManaged":false}}