{"name":"29baf423-f6d6-4c15-9a3c-e3239729083e","id":"/providers/Microsoft.Flow/flows/29baf423-f6d6-4c15-9a3c-e3239729083e","type":"Microsoft.Flow/flows","properties":{"apiId":"/providers/Microsoft.PowerApps/apis/shared_logicflows","displayName":"Case1-物品借还登记与提醒自动化Flow-手动运行","definition":{"metadata":{"workflowEntityId":null,"processAdvisorMetadata":null,"flowclientsuspensionreason":"None","flowclientsuspensiontime":null,"creator":{"id":"90992087-b016-48be-8777-427cc981023a","type":"User","tenantId":"d4f1bf94-e3d0-4385-95eb-93bc9a80edd3"},"provisioningMethod":"FromDefinition","failureAlertSubscription":true,"clientLastModifiedTime":"2022-04-30T15:32:12.8095224Z"},"$schema":"https://schema.management.azure.com/providers/Microsoft.Logic/schemas/2016-06-01/workflowdefinition.json#","contentVersion":"1.0.0.0","parameters":{"$connections":{"defaultValue":{},"type":"Object"},"$authentication":{"defaultValue":{},"type":"SecureObject"}},"triggers":{"manual":{"metadata":{"operationMetadataId":"b42ecbb2-283a-4e7b-b9d7-a5cd900e5524"},"type":"Request","kind":"Button","inputs":{"schema":{"type":"object","properties":{"text":{"title":"请输入Case号码","type":"string","x-ms-dynamically-added":true,"description":"请输入你的输入","x-ms-content-hint":"TEXT"},"boolean":{"title":"是否归还","type":"boolean","x-ms-dynamically-added":true,"description":"请选择“是”或“否”","x-ms-content-hint":"BOOLEAN"}},"required":["text","boolean"]}}}},"actions":{"临时ID":{"runAfter":{},"metadata":{"operationMetadataId":"d47737b6-6c39-4348-855b-8302746c91b1"},"type":"InitializeVariable","inputs":{"variables":[{"name":"TempID","type":"integer"}]}},"获取多个项":{"runAfter":{"临时ID":["Succeeded"]},"metadata":{"operationMetadataId":"635ba098-0520-4f86-97aa-5d7e08fc5f45"},"type":"OpenApiConnection","inputs":{"host":{"apiId":"/providers/Microsoft.PowerApps/apis/shared_sharepointonline","connectionName":"shared_sharepointonline","operationId":"GetItems"},"parameters":{"dataset":"https://3f320d.sharepoint.com/sites/PowerPlatform","table":"e18f2f51-6e46-421a-99de-5b9a8e7e3c35","$filter":"CaseNo eq '@{triggerBody()['text']}'"},"authentication":{"value":"@json(decodeBase64(triggerOutputs().headers['X-MS-APIM-Tokens']))['$ConnectionKey']","type":"Raw"}}},"应用到每一个":{"foreach":"@outputs('获取多个项')?['body/value']","actions":{"设置变量":{"runAfter":{},"metadata":{"operationMetadataId":"85a980c0-f354-468f-b133-653902ed84ff"},"type":"SetVariable","inputs":{"name":"TempID","value":"@items('应用到每一个')?['ID']"}}},"runAfter":{"获取多个项":["Succeeded"]},"metadata":{"operationMetadataId":"90f54d5b-cbf4-4a96-9ce4-cf9e2545bbd4"},"type":"Foreach"},"获取项":{"runAfter":{"应用到每一个":["Succeeded"]},"metadata":{"operationMetadataId":"c0a2a16d-96dd-405d-b67f-0cbeac18b992"},"type":"OpenApiConnection","inputs":{"host":{"apiId":"/providers/Microsoft.PowerApps/apis/shared_sharepointonline","connectionName":"shared_sharepointonline","operationId":"GetItem"},"parameters":{"dataset":"https://3f320d.sharepoint.com/sites/PowerPlatform","table":"e18f2f51-6e46-421a-99de-5b9a8e7e3c35","id":"@variables('TempID')"},"authentication":{"value":"@json(decodeBase64(triggerOutputs().headers['X-MS-APIM-Tokens']))['$ConnectionKey']","type":"Raw"}}},"条件":{"actions":{"条件_2":{"actions":{"更新项":{"runAfter":{},"metadata":{"operationMetadataId":"c342e3c7-7d57-466f-8020-a7891f0a1e67"},"type":"OpenApiConnection","inputs":{"host":{"apiId":"/providers/Microsoft.PowerApps/apis/shared_sharepointonline","connectionName":"shared_sharepointonline","operationId":"PatchItem"},"parameters":{"dataset":"https://3f320d.sharepoint.com/sites/PowerPlatform","table":"e18f2f51-6e46-421a-99de-5b9a8e7e3c35","id":"@variables('TempID')","item/Title":"@outputs('获取项')?['body/Title']","item/OData__x5f53__x524d__x72b6__x6001_/Value":"已归还","item/OData__x5b9e__x9645__x5f52__x8fd8__x65":"@body('当前时间')"},"authentication":{"value":"@json(decodeBase64(triggerOutputs().headers['X-MS-APIM-Tokens']))['$ConnectionKey']","type":"Raw"}}},"发送电子邮件(V2)":{"runAfter":{"更新项":["Succeeded"]},"metadata":{"operationMetadataId":"06810e60-4295-47ff-8103-3c167545f565"},"type":"OpenApiConnection","inputs":{"host":{"apiId":"/providers/Microsoft.PowerApps/apis/shared_office365","connectionName":"shared_office365","operationId":"SendEmailV2"},"parameters":{"emailMessage/To":"@outputs('更新项')?['body/OData__x501f__x7528__x4eba_/Email']","emailMessage/Subject":"【提醒】@{outputs('更新项')?['body/Title']}","emailMessage/Body":"<p>hi @{outputs('更新项')?['body/OData__x501f__x7528__x4eba_/DisplayName']}，<br>\n<br>\n您的申请case 号码：@{outputs('更新项')?['body/CaseNo']} 已收到电脑，现在已关闭记录！</p>"},"authentication":{"value":"@json(decodeBase64(triggerOutputs().headers['X-MS-APIM-Tokens']))['$ConnectionKey']","type":"Raw"}}}},"runAfter":{},"else":{"actions":{"更新项_2":{"runAfter":{},"metadata":{"operationMetadataId":"5054f05e-dc46-4595-90de-8b11925c9771"},"type":"OpenApiConnection","inputs":{"host":{"apiId":"/providers/Microsoft.PowerApps/apis/shared_sharepointonline","connectionName":"shared_sharepointonline","operationId":"PatchItem"},"parameters":{"dataset":"https://3f320d.sharepoint.com/sites/PowerPlatform","table":"e18f2f51-6e46-421a-99de-5b9a8e7e3c35","id":"@variables('TempID')","item/Title":"@outputs('获取项')?['body/Title']","item/OData__x5f53__x524d__x72b6__x6001_/Value":"延期中"},"authentication":{"value":"@json(decodeBase64(triggerOutputs().headers['X-MS-APIM-Tokens']))['$ConnectionKey']","type":"Raw"}}}}},"expression":{"equals":["@triggerBody()['boolean']",true]},"metadata":{"operationMetadataId":"a813563d-76b5-4da9-a5d2-dbfd068af61e"},"type":"If"}},"runAfter":{"当前时间":["Succeeded"]},"expression":{"not":{"contains":["@outputs('获取项')?['body/OData__x5f53__x524d__x72b6__x6001_/Value']","已归还"]}},"metadata":{"operationMetadataId":"b1c4b0c3-d5fd-415a-bc33-011f7d0cbda5"},"type":"If"},"当前时间":{"runAfter":{"获取项":["Succeeded"]},"metadata":{"operationMetadataId":"b8e827e9-6970-4403-a008-7a78be3dd76b"},"type":"Expression","kind":"CurrentTime","inputs":{}}}},"connectionReferences":{"shared_sharepointonline":{"connectionName":"afc9a1b8992d41f7b4e195ef4f661ade","source":"Invoker","id":"/providers/Microsoft.PowerApps/apis/shared_sharepointonline","tier":"NotSpecified"},"shared_office365":{"connectionName":"eaabdafbe4284fc78d1b698bd15f817d","source":"Invoker","id":"/providers/Microsoft.PowerApps/apis/shared_office365","tier":"NotSpecified"}},"flowFailureAlertSubscribed":false,"isManaged":false}}