{"name":"a9939589-e146-43a5-9e21-4fb4b8fea55a","id":"/providers/Microsoft.Flow/flows/a9939589-e146-43a5-9e21-4fb4b8fea55a","type":"Microsoft.Flow/flows","properties":{"apiId":"/providers/Microsoft.PowerApps/apis/shared_logicflows","displayName":"Http -> 编辑","definition":{"metadata":{"workflowEntityId":null,"processAdvisorMetadata":null,"flowChargedByPaygo":null,"flowclientsuspensionreason":"None","flowclientsuspensiontime":null,"flowclientsuspensionreasondetails":null,"creator":{"id":"fce1e704-31d5-40c6-a988-16fd623af244","type":"User","tenantId":"54a1b68a-9ce2-438a-beff-9132a8983d2a"},"provisioningMethod":"FromDefinition","failureAlertSubscription":true,"clientLastModifiedTime":"2023-10-18T13:17:59.9386538Z"},"$schema":"https://schema.management.azure.com/providers/Microsoft.Logic/schemas/2016-06-01/workflowdefinition.json#","contentVersion":"1.0.0.0","parameters":{"$connections":{"defaultValue":{},"type":"Object"},"$authentication":{"defaultValue":{},"type":"SecureObject"}},"triggers":{"manual":{"metadata":{"operationMetadataId":"165a98fc-4bbc-4831-bef6-7f61ca72a96b"},"type":"Request","kind":"Http","inputs":{"schema":{"type":"object","properties":{"headers":{"type":"object","properties":{"Connection":{"type":"string"},"Accept-Encoding":{"type":"string"},"Host":{"type":"string"},"User-Agent":{"type":"string"},"x-bind-code":{"type":"string"},"Content-Length":{"type":"string"},"Content-Type":{"type":"string"}}},"body":{"type":"object","properties":{"rid":{"type":"string"},"formId":{"type":"string"},"formTitle":{"type":"string"},"aid":{"type":"string"},"eventTs":{"type":"integer"},"messageTs":{"type":"integer"},"creatorId":{"type":"string"},"creatorName":{"type":"string"},"event":{"type":"string"},"version":{"type":"integer"},"answerContents":{"type":"array","items":{"type":"object","properties":{"qid":{"type":"string"},"type":{"type":"string"},"title":{"type":"string"},"value":{"type":"string"}},"required":["qid","type","title","value"]}}}}}},"method":"POST","triggerAuthenticationType":"All"}}},"actions":{"响应":{"runAfter":{},"metadata":{"operationMetadataId":"b7a370e8-f759-41a5-a67a-e9be65a7e2c1"},"type":"Response","kind":"Http","inputs":{"statusCode":200,"body":{"bind_code":"20231018193056303427501"}}},"文件名":{"runAfter":{"分析_JSON":["Succeeded"]},"metadata":{"operationMetadataId":"f08ff915-7b36-4da0-9d9c-0c2167da06d7"},"type":"Compose","inputs":"@body('分析_JSON')?['answerContents']?[0]?['value']"},"图片原始URL":{"runAfter":{"文件名":["Succeeded"]},"metadata":{"operationMetadataId":"b225e05b-7cfa-4218-86f4-a5fff5a14305"},"type":"Compose","inputs":"@body('分析_JSON')?['answerContents']?[1]?['value']?[0]?['fileShareLink']"},"图片设别码":{"runAfter":{"图片原始URL":["Succeeded"]},"metadata":{"operationMetadataId":"aa40f20e-e941-4e55-8d96-a39b33963e29"},"type":"Compose","inputs":"@body('分析_JSON')?['answerContents']?[1]?['value']?[0]?['fileSid']"},"分析_JSON":{"runAfter":{"响应":["Succeeded","Failed","Skipped"]},"metadata":{"operationMetadataId":"dfc22e1c-b369-4aaf-80c0-90e32b108111"},"type":"ParseJson","inputs":{"content":"@triggerBody()","schema":{"type":"object","properties":{"headers":{"type":"object","properties":{"Connection":{"type":"string"},"Accept-Encoding":{"type":"string"},"Host":{"type":"string"},"User-Agent":{"type":"string"},"x-bind-code":{"type":"string"},"Content-Length":{"type":"string"},"Content-Type":{"type":"string"}}},"body":{"type":"object","properties":{"rid":{"type":"string"},"formId":{"type":"string"},"formTitle":{"type":"string"},"aid":{"type":"string"},"eventTs":{"type":"integer"},"messageTs":{"type":"integer"},"creatorId":{"type":"string"},"creatorName":{"type":"string"},"event":{"type":"string"},"version":{"type":"integer"},"answerContents":{"type":"array","items":{"type":"object","properties":{"qid":{"type":"string"},"type":{"type":"string"},"title":{"type":"string"},"value":{"type":"string"}},"required":["qid","type","title","value"]}}}}}}}},"HTTP":{"runAfter":{"图片格式":["Succeeded"]},"metadata":{"operationMetadataId":"d3da3a9f-2456-4dd1-8603-0b82eb7e98a3"},"type":"Http","inputs":{"method":"POST","uri":"https://www.kdocs.cn/api/v3/office/file/@{outputs('图片设别码')}/open/image","headers":{"Content-Type":"text/plain;charset=UTF-8","Accept-Encoding":"gzip, deflate, br","User-Agent":"Mozilla/5.0 (Windows NT 10.0; Win64; x64) AppleWebKit/537.36 (KHTML, like Gecko) Chrome/116.0.0.0 Safari/537.36 Edg/116.0.1938.69","X-Csrf-Rand":"2EXH7qPdnWqol+eBsfxZgjzsPwwvi/MS+rrDE0PAqiMY3HF79UvZUYVwXT39LjcFsOZVpMzBXonpi4QGeLcORfVOiqXD0OOyE+S3L9gKt2g321l06mTOezeM7+F+Q71hgChXSPAJp456E5LtmsJ7WnkjqbZ1"},"cookie":"env=prod-0; wps_sid=V02SWZph5GET2MJDI7Fo8-fU-sfvB_k00ab168f300169dbe75; reloginsucc=1; swi_acc_redirect_limit=0; lang=zh-CN; weboffice_device_id=5170c987aab8436262fa638bb93adcec; visitorid=619438103; weboffice_cdn=21; region=wq; csrf=sdXBFP5CZtS5pmyeE8tkCKGZHsfahB6S; wps_endcloud=1","body":{"connid":"f886a88ce9fc443d581b8840950184a7","args":{"password":"","readonly":false,"modifyPassword":"","sync":true,"startVersion":0,"endVersion":0},"ex_args":{"file_ids":["cdRMsCWIrQZN"],"max_edge":400,"expire":28800,"support_types":["webp"],"compatible":true},"group":"20231012195754-4d22959191","front_ver":"20231012191856-f22d59ca82","reuse_session_id":"edit/257902745071"}}},"转二进制":{"runAfter":{"HTTP":["Succeeded"]},"metadata":{"operationMetadataId":"5cd3a775-63a8-4c67-a8f0-45f9969b2922"},"type":"Compose","inputs":"@decodeBase64(body('HTTP')['$content'])"},"分析_JSON_2":{"runAfter":{"转二进制":["Succeeded"]},"metadata":{"operationMetadataId":"c2dcee78-4253-4da1-b844-501910c308b8"},"type":"ParseJson","inputs":{"content":"@outputs('转二进制')","schema":{"type":"object","properties":{"Download":{"type":"object","properties":{"url":{"type":"string"},"digest":{"type":"string"},"digest_type":{"type":"string"},"headers":{"type":"object","properties":{"referer":{"type":"string"}}}}},"CompatibleInfo":{"type":"object","properties":{"url":{"type":"string"},"type":{"type":"string"},"digest":{"type":"string"},"digest_type":{"type":"string"}}},"Session":{},"ImageBaseInfoResponse":{},"ThumbnailResp":{"type":"object","properties":{"thumbnails":{"type":"object","properties":{"247492848133":{"type":"object","properties":{"thumbnail_url":{"type":"string"}}}}}}},"SessionKey":{"type":"string"}}}}},"从_URL_上传文件":{"runAfter":{"分析_JSON_2":["Succeeded"]},"metadata":{"operationMetadataId":"fefd8bf0-61c9-4dc2-95e6-141f3c7aca85"},"type":"OpenApiConnection","inputs":{"host":{"apiId":"/providers/Microsoft.PowerApps/apis/shared_onedriveforbusiness","connectionName":"shared_onedriveforbusiness","operationId":"CopyFile"},"parameters":{"source":"@body('分析_JSON_2')?['CompatibleInfo']?['url']","destination":"@{outputs('文件名')}.@{outputs('图片格式')}","overwrite":true},"authentication":"@parameters('$authentication')"}},"图片格式":{"runAfter":{"图片设别码":["Succeeded"]},"metadata":{"operationMetadataId":"e4ac01ff-de8e-41b9-9f18-e9ce1d5233aa"},"type":"Compose","inputs":"@body('分析_JSON')?['answerContents']?[1]?['value']?[0]?['ext']"}},"outputs":{}},"connectionReferences":{"shared_onedriveforbusiness":{"connectionName":"96b92208777e4dcfb0f5005fd15da878","source":"Embedded","id":"/providers/Microsoft.PowerApps/apis/shared_onedriveforbusiness","tier":"NotSpecified"}},"flowFailureAlertSubscribed":false,"isManaged":false}}