{"name":"a3c0ce11-916d-44f3-9340-9d81e6d1f57e","id":"/providers/Microsoft.Flow/flows/a3c0ce11-916d-44f3-9340-9d81e6d1f57e","type":"Microsoft.Flow/flows","properties":{"apiId":"/providers/Microsoft.PowerApps/apis/shared_logicflows","displayName":"Case8-项目任务跟踪自动提醒 - 筛选 获取将来时间 批量发送带超链接Teams消息","definition":{"metadata":{"workflowEntityId":null,"processAdvisorMetadata":null,"flowclientsuspensionreason":"None","flowclientsuspensiontime":null,"creator":{"id":"90992087-b016-48be-8777-427cc981023a","type":"User","tenantId":"d4f1bf94-e3d0-4385-95eb-93bc9a80edd3"},"provisioningMethod":"FromDefinition","failureAlertSubscription":true,"clientLastModifiedTime":"2022-05-03T06:12:34.7298433Z"},"$schema":"https://schema.management.azure.com/providers/Microsoft.Logic/schemas/2016-06-01/workflowdefinition.json#","contentVersion":"1.0.0.0","parameters":{"$connections":{"defaultValue":{},"type":"Object"},"$authentication":{"defaultValue":{},"type":"SecureObject"}},"triggers":{"Recurrence":{"recurrence":{"frequency":"Day","interval":1,"startTime":"2022-05-03T01:00:00.000Z"},"metadata":{"operationMetadataId":"bde2af13-18e4-441c-8006-2f82237ca27d"},"type":"Recurrence"}},"actions":{"获取多个项":{"runAfter":{"初始化变量":["Succeeded"]},"metadata":{"operationMetadataId":"c2e585e9-a3b4-40e5-8cfc-45d380c6c8c5"},"type":"OpenApiConnection","inputs":{"host":{"apiId":"/providers/Microsoft.PowerApps/apis/shared_sharepointonline","connectionName":"shared_sharepointonline","operationId":"GetItems"},"parameters":{"dataset":"https://3f320d.sharepoint.com/sites/PowerPlatform","table":"e626298b-49e2-4565-ad8d-1e32eb63ceb1","$filter":"Progress ne '已完成'","$orderby":"ID"},"authentication":"@parameters('$authentication')"}},"获取将来的时间":{"runAfter":{"获取多个项":["Succeeded"]},"metadata":{"operationMetadataId":"293dfefc-4ad9-4a9e-aba3-e343434a5944"},"type":"Expression","kind":"GetFutureTime","inputs":{"interval":3,"timeUnit":"Day"}},"应用到每一个":{"foreach":"@outputs('获取多个项')?['body/value']","actions":{"条件":{"actions":{"追加到数组变量":{"runAfter":{},"metadata":{"operationMetadataId":"3452be91-dac0-4253-bcef-d4863b928569"},"type":"AppendToArrayVariable","inputs":{"name":"临时数组","value":{"ID":"@items('应用到每一个')?['ID']","Email":"@items('应用到每一个')?['AssignedTo/Email']"}}}},"runAfter":{},"expression":{"greater":["@body('获取将来的时间')","@items('应用到每一个')?['DueDate']"]},"metadata":{"operationMetadataId":"e9dffbdd-585e-4f75-914a-d5d0d2a399ee"},"type":"If"}},"runAfter":{"获取将来的时间":["Succeeded"]},"metadata":{"operationMetadataId":"4c47ab11-3ecc-4a18-b789-299fd7206235"},"type":"Foreach"},"初始化变量":{"runAfter":{},"metadata":{"operationMetadataId":"60077126-b74e-460a-b4c5-146bee3393af"},"type":"InitializeVariable","inputs":{"variables":[{"name":"临时数组","type":"array"}]}},"ID和邮箱":{"runAfter":{"应用到每一个":["Succeeded"]},"metadata":{"operationMetadataId":"27539b52-5b56-4ca8-be51-0c12905946f0"},"type":"Compose","inputs":"@variables('临时数组')"},"应用到每个ID":{"foreach":"@outputs('ID和邮箱')","actions":{"编辑":{"runAfter":{},"metadata":{"operationMetadataId":"4eacc468-6cc5-455d-8f40-d720fad23c3d"},"type":"Compose","inputs":"@{item()?['ID']}\n\n\n@{item()?['Email']}"},"获取项":{"runAfter":{"编辑":["Succeeded"]},"metadata":{"operationMetadataId":"a4a0af72-df24-4374-b722-609807f02d98"},"type":"OpenApiConnection","inputs":{"host":{"apiId":"/providers/Microsoft.PowerApps/apis/shared_sharepointonline","connectionName":"shared_sharepointonline","operationId":"GetItem"},"parameters":{"dataset":"https://3f320d.sharepoint.com/sites/PowerPlatform","table":"e626298b-49e2-4565-ad8d-1e32eb63ceb1","id":"@item()?['ID']"},"authentication":"@parameters('$authentication')"}},"在聊天或渠道中发布消息":{"runAfter":{"获取项":["Succeeded"]},"metadata":{"operationMetadataId":"ac7a7956-a001-42bd-a13d-f25b41af3707"},"type":"OpenApiConnection","inputs":{"host":{"apiId":"/providers/Microsoft.PowerApps/apis/shared_teams","connectionName":"shared_teams","operationId":"PostMessageToConversation"},"parameters":{"poster":"Flow bot","location":"Chat with Flow bot","body/recipient":"@{item()?['Email']};","body/messageBody":"<p><span style=\"font-family: arial; font-size: 24px\">hi </span><span style=\"font-family: arial; font-size: 24px\">@{outputs('获取项')?['body/AssignedTo/DisplayName']}</span><span style=\"font-family: arial; font-size: 24px\">,<br>\n<br>\n检查到你的项目：</span><span style=\"font-family: arial; font-size: 24px\">@{outputs('获取项')?['body/Title']}</span><span style=\"font-family: arial; font-size: 24px\"><br>\n<br>\n</span><span style=\"font-family: arial; font-size: 24px\"><strong>将在三天后的</strong></span><span style=\"font-family: arial; font-size: 24px\"><strong>@{body('获取将来的时间')}</strong></span><span style=\"font-family: arial; font-size: 24px\"><strong>到期，请尽快完成您的项目！</strong></span><span style=\"font-family: arial; font-size: 24px\"><br>\n<br>\n</span><a href=\"@{outputs('获取项')?['body/{Link}']}\"><span style=\"font-family: arial; font-size: 24px\">详情见超链接！</span></a><span style=\"font-family: arial; font-size: 24px\">&nbsp;</span></p>"},"authentication":"@parameters('$authentication')"}}},"runAfter":{"ID和邮箱":["Succeeded"]},"metadata":{"operationMetadataId":"ad4083d2-f8af-4474-86ee-12c571387263"},"type":"Foreach"}}},"connectionReferences":{"shared_sharepointonline":{"connectionName":"afc9a1b8992d41f7b4e195ef4f661ade","source":"Embedded","id":"/providers/Microsoft.PowerApps/apis/shared_sharepointonline","tier":"NotSpecified"},"shared_teams":{"connectionName":"shared-teams-0bba93a6-af47-4864-9ea5-db771ec2d6df","source":"Embedded","id":"/providers/Microsoft.PowerApps/apis/shared_teams","tier":"NotSpecified"}},"flowFailureAlertSubscribed":false,"isManaged":false}}