{"name":"3d02785c-84c9-4526-8c9b-252ad6656734","id":"/providers/Microsoft.Flow/flows/3d02785c-84c9-4526-8c9b-252ad6656734","type":"Microsoft.Flow/flows","properties":{"apiId":"/providers/Microsoft.PowerApps/apis/shared_logicflows","displayName":"Case1-物品借还登记与提醒自动化Flow-自动化","definition":{"metadata":{"workflowEntityId":null,"processAdvisorMetadata":null,"flowclientsuspensionreason":"None","flowclientsuspensiontime":null,"creator":{"id":"90992087-b016-48be-8777-427cc981023a","type":"User","tenantId":"d4f1bf94-e3d0-4385-95eb-93bc9a80edd3"},"provisioningMethod":"FromDefinition","failureAlertSubscription":true,"clientLastModifiedTime":"2022-04-30T14:54:43.7668405Z"},"$schema":"https://schema.management.azure.com/providers/Microsoft.Logic/schemas/2016-06-01/workflowdefinition.json#","contentVersion":"1.0.0.0","parameters":{"$connections":{"defaultValue":{},"type":"Object"},"$authentication":{"defaultValue":{},"type":"SecureObject"}},"triggers":{"提交新回复时":{"splitOn":"@triggerOutputs()?['body/value']","metadata":{"operationMetadataId":"98a08c43-4f04-45a6-8ba4-5854a509669c"},"type":"OpenApiConnectionWebhook","inputs":{"host":{"apiId":"/providers/Microsoft.PowerApps/apis/shared_microsoftforms","connectionName":"shared_microsoftforms","operationId":"CreateFormWebhook"},"parameters":{"form_id":"lL_x1NDjhUOV65O8moDt04cgmZAWsL5Ih3dCfMmBAjpUQVBNS0w2Q0xZQjY1UjFIVjg1RENQRTZRNi4u"},"authentication":"@parameters('$authentication')"}}},"actions":{"获取回复详细信息":{"runAfter":{},"metadata":{"operationMetadataId":"6a6c60b5-bb54-4a0e-9d49-f93843b50d19"},"type":"OpenApiConnection","inputs":{"host":{"apiId":"/providers/Microsoft.PowerApps/apis/shared_microsoftforms","connectionName":"shared_microsoftforms","operationId":"GetFormResponseById"},"parameters":{"form_id":"lL_x1NDjhUOV65O8moDt04cgmZAWsL5Ih3dCfMmBAjpUQVBNS0w2Q0xZQjY1UjFIVjg1RENQRTZRNi4u","response_id":"@triggerOutputs()?['body/resourceData/responseId']"},"authentication":"@parameters('$authentication')"}},"用户邮箱":{"runAfter":{"获取回复详细信息":["Succeeded"]},"metadata":{"operationMetadataId":"7d89e504-da79-4562-876b-29887c18df31"},"type":"InitializeVariable","inputs":{"variables":[{"name":"Usermail","type":"string"}]}},"搜索用户(V2)":{"runAfter":{"用户邮箱":["Succeeded"]},"metadata":{"operationMetadataId":"5611f7f0-2f5f-43af-be6b-41f36a14aa46"},"type":"OpenApiConnection","inputs":{"host":{"apiId":"/providers/Microsoft.PowerApps/apis/shared_office365users","connectionName":"shared_office365users","operationId":"SearchUserV2"},"parameters":{"searchTerm":"@outputs('获取回复详细信息')?['body/rfb74c4f20e19441b97bf7529da0d3f12']"},"authentication":"@parameters('$authentication')"}},"应用到每一个":{"foreach":"@outputs('搜索用户(V2)')?['body/value']","actions":{"设置变量":{"runAfter":{},"metadata":{"operationMetadataId":"2476a1b9-9501-4266-a85e-022581da9fa0"},"type":"SetVariable","inputs":{"name":"Usermail","value":"@items('应用到每一个')?['Mail']"}}},"runAfter":{"搜索用户(V2)":["Succeeded"]},"metadata":{"operationMetadataId":"abc32269-218e-4775-aaad-09a995f881be"},"type":"Foreach"},"获取用户个人资料(V2)":{"runAfter":{"应用到每一个":["Succeeded"]},"metadata":{"operationMetadataId":"91629d5c-ebae-4f2f-a897-d2d06f2aa256"},"type":"OpenApiConnection","inputs":{"host":{"apiId":"/providers/Microsoft.PowerApps/apis/shared_office365users","connectionName":"shared_office365users","operationId":"UserProfile_V2"},"parameters":{"id":"@variables('Usermail')"},"authentication":"@parameters('$authentication')"}},"创建项":{"runAfter":{"设置数字格式":["Succeeded"]},"metadata":{"operationMetadataId":"5d5d719a-bc2d-4efc-af4c-cd394f1f6fbf"},"type":"OpenApiConnection","inputs":{"host":{"apiId":"/providers/Microsoft.PowerApps/apis/shared_sharepointonline","connectionName":"shared_sharepointonline","operationId":"PostItem"},"parameters":{"dataset":"https://3f320d.sharepoint.com/sites/PowerPlatform","table":"e18f2f51-6e46-421a-99de-5b9a8e7e3c35","item/Title":"新申请@{outputs('获取用户个人资料(V2)')?['body/department']}-@{outputs('获取用户个人资料(V2)')?['body/displayName']}申请@{outputs('获取回复详细信息')?['body/r1a654b0b8fab45eea0303b0e931b9f49']}","item/OData__x501f__x7528__x4eba_/Claims":"@outputs('获取用户个人资料(V2)')?['body/mail']","item/OData__x7533__x8bf7__x65f6__x95f4_":"@outputs('获取回复详细信息')?['body/submitDate']","item/OData__x7533__x8bf7__x7535__x8111_":"@outputs('获取回复详细信息')?['body/r1a654b0b8fab45eea0303b0e931b9f49']","item/OData__x8ba1__x5212__x5f52__x8fd8__x65":"@body('转换时区')","item/OData__x5f53__x524d__x72b6__x6001_/Value":"借用中","item/CaseNo":"Case@{body('设置数字格式')}"},"authentication":"@parameters('$authentication')"}},"转换时区":{"runAfter":{"获取用户个人资料(V2)":["Succeeded"]},"metadata":{"operationMetadataId":"9a0bd472-a364-42d4-a217-96dbdcc93369"},"type":"Expression","kind":"ConvertTimeZone","inputs":{"baseTime":"@outputs('获取回复详细信息')?['body/r822073c1753a4f8e8e5529ac44f5bed1']","formatString":"d","sourceTimeZone":"UTC","destinationTimeZone":"China Standard Time"}},"设置数字格式":{"runAfter":{"转换时区":["Succeeded"]},"metadata":{"operationMetadataId":"2cd22d49-c822-4e71-b554-f294cb985c70"},"type":"Expression","kind":"FormatNumber","inputs":{"number":"@triggerOutputs()?['body/resourceData/responseId']","format":"000"}},"发送电子邮件(V2)":{"runAfter":{"创建项":["Succeeded"]},"metadata":{"operationMetadataId":"8f528ff4-01ee-4ba9-a89d-1ad64dd90e03"},"type":"OpenApiConnection","inputs":{"host":{"apiId":"/providers/Microsoft.PowerApps/apis/shared_office365","connectionName":"shared_office365","operationId":"SendEmailV2"},"parameters":{"emailMessage/To":"@outputs('获取用户个人资料(V2)')?['body/mail']","emailMessage/Subject":"【通知】新申请@{outputs('获取用户个人资料(V2)')?['body/department']}-@{outputs('获取用户个人资料(V2)')?['body/displayName']}申请@{outputs('获取回复详细信息')?['body/r1a654b0b8fab45eea0303b0e931b9f49']}","emailMessage/Body":"<p>hi @{outputs('获取用户个人资料(V2)')?['body/displayName']}，<br>\n<br>\n你好！<br>\n<br>\n你申请的电脑：@{outputs('获取回复详细信息')?['body/r1a654b0b8fab45eea0303b0e931b9f49']}<br>\n<br>\n你预计归还日期是：@{outputs('获取回复详细信息')?['body/r822073c1753a4f8e8e5529ac44f5bed1']}<br>\n<br>\n请按时归还，若有问题，联系IT部门！</p>"},"authentication":"@parameters('$authentication')"}}}},"connectionReferences":{"shared_microsoftforms":{"connectionName":"shared-microsoftform-2020bf08-6d1b-40a7-ad26-f8aaada01390","source":"Embedded","id":"/providers/Microsoft.PowerApps/apis/shared_microsoftforms","tier":"NotSpecified"},"shared_office365users":{"connectionName":"1b97b354229d429d94013c3a31d19d81","source":"Embedded","id":"/providers/Microsoft.PowerApps/apis/shared_office365users","tier":"NotSpecified"},"shared_sharepointonline":{"connectionName":"afc9a1b8992d41f7b4e195ef4f661ade","source":"Embedded","id":"/providers/Microsoft.PowerApps/apis/shared_sharepointonline","tier":"NotSpecified"},"shared_office365":{"connectionName":"eaabdafbe4284fc78d1b698bd15f817d","source":"Embedded","id":"/providers/Microsoft.PowerApps/apis/shared_office365","tier":"NotSpecified"}},"flowFailureAlertSubscribed":false,"isManaged":false}}