{"name":"bf6b0dc4-03c3-45f8-aa04-d327e011e921","id":"/providers/Microsoft.Flow/flows/bf6b0dc4-03c3-45f8-aa04-d327e011e921","type":"Microsoft.Flow/flows","properties":{"apiId":"/providers/Microsoft.PowerApps/apis/shared_logicflows","displayName":"Case7 设备质检到期自动提醒-自动筛选，排序，生成表格，图片","definition":{"metadata":{"workflowEntityId":null,"processAdvisorMetadata":null,"flowclientsuspensionreason":"None","flowclientsuspensiontime":null,"creator":{"id":"90992087-b016-48be-8777-427cc981023a","type":"User","tenantId":"d4f1bf94-e3d0-4385-95eb-93bc9a80edd3"},"provisioningMethod":"FromDefinition","failureAlertSubscription":true,"clientLastModifiedTime":"2022-05-03T04:40:31.6128359Z"},"$schema":"https://schema.management.azure.com/providers/Microsoft.Logic/schemas/2016-06-01/workflowdefinition.json#","contentVersion":"1.0.0.0","parameters":{"$connections":{"defaultValue":{},"type":"Object"},"$authentication":{"defaultValue":{},"type":"SecureObject"}},"triggers":{"Recurrence":{"recurrence":{"frequency":"Day","interval":1,"startTime":"2022-05-03T02:00:00.000Z"},"metadata":{"operationMetadataId":"08b98590-f2eb-4a5c-beb3-3f468a16db25"},"type":"Recurrence"}},"actions":{"当前时间":{"runAfter":{},"metadata":{"operationMetadataId":"f499d944-974b-47b1-addf-ad8e91a7b6eb"},"type":"Expression","kind":"CurrentTime","inputs":{}},"转换时区":{"runAfter":{"当前时间":["Succeeded"]},"metadata":{"operationMetadataId":"d2458fc9-7a5f-4392-bceb-561132a277e4"},"type":"Expression","kind":"ConvertTimeZone","inputs":{"baseTime":"@body('当前时间')","formatString":"yyyy-MM-dd","sourceTimeZone":"UTC","destinationTimeZone":"China Standard Time"}},"获取多个项":{"runAfter":{"管理人邮箱":["Succeeded"]},"metadata":{"operationMetadataId":"1fce36c7-1ef4-4ab6-a212-6c3a3a526735"},"type":"OpenApiConnection","inputs":{"host":{"apiId":"/providers/Microsoft.PowerApps/apis/shared_sharepointonline","connectionName":"shared_sharepointonline","operationId":"GetItems"},"parameters":{"dataset":"https://3f320d.sharepoint.com/sites/PowerPlatform","table":"d5c7c0d3-3ed9-4836-a78f-56fed07ae82c","$filter":"ID gt 0","$orderby":"ID"},"authentication":"@parameters('$authentication')"}},"应用到每一个":{"foreach":"@outputs('获取多个项')?['body/value']","actions":{"下次校验日期":{"runAfter":{},"metadata":{"operationMetadataId":"0bb5a454-8085-4966-80be-38d627452f82"},"type":"Compose","inputs":"@items('应用到每一个')?['OData__x4e0b__x6b21__x6821__x9a8c__x65']"},"条件":{"actions":{"获取项":{"runAfter":{},"metadata":{"operationMetadataId":"60abbda6-459e-40ce-9c5a-8fc4d00660d6"},"type":"OpenApiConnection","inputs":{"host":{"apiId":"/providers/Microsoft.PowerApps/apis/shared_sharepointonline","connectionName":"shared_sharepointonline","operationId":"GetItem"},"parameters":{"dataset":"https://3f320d.sharepoint.com/sites/PowerPlatform","table":"d5c7c0d3-3ed9-4836-a78f-56fed07ae82c","id":"@items('应用到每一个')?['ID']"},"authentication":"@parameters('$authentication')"}},"追加到数组变量":{"runAfter":{"获取项":["Succeeded"]},"metadata":{"operationMetadataId":"c359be27-23c3-4dd5-8c34-63ebea7e07f6"},"type":"AppendToArrayVariable","inputs":{"name":"需要提醒的项目","value":{"固定资产编号":"@outputs('获取项')?['body/OData__x4eea__x5668__x56fa__x5b9a__x8d']","设备名称":"@outputs('获取项')?['body/Title']","管理人":"@outputs('获取项')?['body/OData__x7ba1__x7406__x8005_/DisplayName']","上次校验日期":"@outputs('获取项')?['body/OData__x4e0a__x6b21__x6821__x9a8c__x65']","校验有效期":"@outputs('获取项')?['body/OData__x6821__x9a8c__x6709__x6548__x67/Value']","下次校验日期":"@outputs('获取项')?['body/OData__x4e0b__x6b21__x6821__x9a8c__x65']","记录ID编号":"@outputs('获取项')?['body/ID']"}}},"追加到字符串变量":{"runAfter":{"获取项":["Succeeded"]},"metadata":{"operationMetadataId":"5a4f581d-6477-4a9f-9116-acea17cb2b82"},"type":"AppendToStringVariable","inputs":{"name":"管理人邮箱","value":"@{outputs('获取项')?['body/OData__x7ba1__x7406__x8005_/Email']};"}}},"runAfter":{"下次校验日期":["Succeeded"]},"expression":{"equals":["@outputs('下次校验日期')","@body('转换时区')"]},"metadata":{"operationMetadataId":"1090c6fd-8a0d-4417-aa34-d696beb8ff4b"},"type":"If"}},"runAfter":{"获取多个项":["Succeeded"]},"metadata":{"operationMetadataId":"95b852e9-f497-4dd8-9b98-a091faf8ecf6"},"type":"Foreach"},"需要提醒的项目":{"runAfter":{"转换时区":["Succeeded"]},"metadata":{"operationMetadataId":"af8ab51e-fe43-43f1-b529-1a46d51d8904"},"type":"InitializeVariable","inputs":{"variables":[{"name":"需要提醒的项目","type":"array"}]}},"管理人邮箱":{"runAfter":{"需要提醒的项目":["Succeeded"]},"metadata":{"operationMetadataId":"be873a7e-f468-4da4-8715-8b05c45111cf"},"type":"InitializeVariable","inputs":{"variables":[{"name":"管理人邮箱","type":"string"}]}},"创建_HTML_表格":{"runAfter":{"HTML表格格式":["Succeeded"]},"metadata":{"operationMetadataId":"9c71472c-2924-4e5f-b894-183ee9a489d9"},"type":"Table","inputs":{"from":"@variables('需要提醒的项目')","format":"HTML"}},"HTML表格格式":{"runAfter":{"应用到每一个":["Succeeded"]},"metadata":{"operationMetadataId":"740cc7ec-9a91-45bb-81ca-eefc03c11435"},"type":"Compose","inputs":"<style>\nTable {\n  font-family: Arial, Helvetica, sans-serif;\n  background-color: #EEEEEE;\n  border-collapse: collapse;\n  width: 100%;\n}\n\nTable td, Table th {\n  border: 1px solid #ddd;\n  padding: 3px 3px;\n}\n\nTable th {\n  font-size: 15px;\n  font-weight: bold;\n  padding-top: 12px;\n  padding-bottom: 12px;\n  text-align: center;\n  background-color: #1C6EA4;\n  color: white;\n}\n</style>"},"创建文件":{"runAfter":{"创建_HTML_表格":["Succeeded"]},"metadata":{"operationMetadataId":"6962ae8a-d994-44c7-923c-18771741e4a3"},"type":"OpenApiConnection","inputs":{"host":{"apiId":"/providers/Microsoft.PowerApps/apis/shared_onedriveforbusiness","connectionName":"shared_onedriveforbusiness","operationId":"CreateFile"},"parameters":{"folderPath":"/Image","name":"需要提醒的项目@{utcNow()}.html","body":"@{outputs('HTML表格格式')}\n@{body('创建_HTML_表格')}"},"authentication":"@parameters('$authentication')"},"runtimeConfiguration":{"contentTransfer":{"transferMode":"Chunked"}}},"转换文件":{"runAfter":{"创建文件":["Succeeded"]},"metadata":{"operationMetadataId":"868dcbe5-c4eb-4d00-b617-2e28426c3352"},"type":"OpenApiConnection","inputs":{"host":{"apiId":"/providers/Microsoft.PowerApps/apis/shared_onedriveforbusiness","connectionName":"shared_onedriveforbusiness","operationId":"ConvertFile"},"parameters":{"id":"@outputs('创建文件')?['body/Id']","type":"JPG"},"authentication":"@parameters('$authentication')"}},"发送电子邮件(V2)":{"runAfter":{"转换文件":["Succeeded"]},"metadata":{"operationMetadataId":"ed44be46-fe41-4010-bfd4-e785ea2e2820"},"type":"OpenApiConnection","inputs":{"host":{"apiId":"/providers/Microsoft.PowerApps/apis/shared_office365","connectionName":"shared_office365","operationId":"SendEmailV2"},"parameters":{"emailMessage/To":"@variables('管理人邮箱')","emailMessage/Subject":"【已自动筛选】@{body('转换时区')}需要进行校验的仪器有：","emailMessage/Body":"@{outputs('HTML表格格式')}\n@{body('创建_HTML_表格')}","emailMessage/Attachments":[{"Name":"@outputs('转换文件')?['headers/x-ms-file-name']","ContentBytes":"@body('转换文件')"}],"emailMessage/Importance":"Normal"},"authentication":"@parameters('$authentication')"}}}},"connectionReferences":{"shared_sharepointonline":{"connectionName":"afc9a1b8992d41f7b4e195ef4f661ade","source":"Embedded","id":"/providers/Microsoft.PowerApps/apis/shared_sharepointonline","tier":"NotSpecified"},"shared_onedriveforbusiness":{"connectionName":"shared-onedriveforbu-6ea7f39f-7e5c-48ac-9560-b77b80b41526","source":"Embedded","id":"/providers/Microsoft.PowerApps/apis/shared_onedriveforbusiness","tier":"NotSpecified"},"shared_office365":{"connectionName":"eaabdafbe4284fc78d1b698bd15f817d","source":"Embedded","id":"/providers/Microsoft.PowerApps/apis/shared_office365","tier":"NotSpecified"}},"flowFailureAlertSubscribed":false,"isManaged":false}}