{"name":"9be676a0-402f-4717-97a3-5d3f3a09fbd4","id":"/providers/Microsoft.Flow/flows/9be676a0-402f-4717-97a3-5d3f3a09fbd4","type":"Microsoft.Flow/flows","properties":{"apiId":"/providers/Microsoft.PowerApps/apis/shared_logicflows","displayName":"Case5-Excel数据自动同步更新到List-从Excel更新List","definition":{"metadata":{"workflowEntityId":null,"processAdvisorMetadata":null,"flowclientsuspensionreason":"None","flowclientsuspensiontime":null,"creator":{"id":"90992087-b016-48be-8777-427cc981023a","type":"User","tenantId":"d4f1bf94-e3d0-4385-95eb-93bc9a80edd3"},"provisioningMethod":"FromDefinition","failureAlertSubscription":true,"clientLastModifiedTime":"2022-05-02T10:07:48.9235449Z"},"$schema":"https://schema.management.azure.com/providers/Microsoft.Logic/schemas/2016-06-01/workflowdefinition.json#","contentVersion":"1.0.0.0","parameters":{"$connections":{"defaultValue":{},"type":"Object"},"$authentication":{"defaultValue":{},"type":"SecureObject"}},"triggers":{"manual":{"metadata":{"operationMetadataId":"d6906830-fd58-4fa1-89f5-34c9ade1ed52"},"type":"Request","kind":"Button","inputs":{"schema":{"type":"object","properties":{},"required":[]}}}},"actions":{"列出表中存在的行":{"runAfter":{"临时ID":["Succeeded"]},"metadata":{"01XXKBPXJLXRVKGX56IFEJXGN5M2ROAMSU":"/Excel自动转Table格式/由系统导出的电子表格文件.xlsx","operationMetadataId":"a356d37a-47e1-4ff9-8ef0-716e0136efab"},"type":"OpenApiConnection","inputs":{"host":{"apiId":"/providers/Microsoft.PowerApps/apis/shared_excelonlinebusiness","connectionName":"shared_excelonlinebusiness","operationId":"GetItems"},"parameters":{"source":"me","drive":"b!-QzJ9F6sZUerDFIP4VbDYj6HML6vfa9OnVJqjh7RX8PE336UkDuwSoURJNnjxQ8W","file":"01XXKBPXJLXRVKGX56IFEJXGN5M2ROAMSU","table":"{80843932-C50B-4DEB-97CB-1623DF1EA5D7}","dateTimeFormat":"ISO 8601"},"authentication":{"value":"@json(decodeBase64(triggerOutputs().headers['X-MS-APIM-Tokens']))['$ConnectionKey']","type":"Raw"}}},"获取多个项":{"runAfter":{"临时ID":["Succeeded"]},"metadata":{"operationMetadataId":"02f57cef-df47-45e6-8bba-1b7f2395d737"},"type":"OpenApiConnection","inputs":{"host":{"apiId":"/providers/Microsoft.PowerApps/apis/shared_sharepointonline","connectionName":"shared_sharepointonline","operationId":"GetItems"},"parameters":{"dataset":"https://3f320d.sharepoint.com/sites/PowerPlatform","table":"501d9a29-c5bb-4581-ab7c-e5335bbde055","$filter":"ID gt 0"},"authentication":{"value":"@json(decodeBase64(triggerOutputs().headers['X-MS-APIM-Tokens']))['$ConnectionKey']","type":"Raw"}}},"选择":{"runAfter":{"列出表中存在的行":["Succeeded"]},"metadata":{"operationMetadataId":"2e01b8ee-a437-4935-a11d-19d006789f17"},"type":"Select","inputs":{"from":"@outputs('列出表中存在的行')?['body/value']","select":{"编号":"@item()?['编号']"}}},"选择_2":{"runAfter":{"获取多个项":["Succeeded"]},"metadata":{"operationMetadataId":"7b121aa5-1547-40c7-8bd3-2430a73b1874"},"type":"Select","inputs":{"from":"@outputs('获取多个项')?['body/value']","select":{"编号":"@item()?['Title']"}}},"共有项目":{"runAfter":{"选择":["Succeeded"],"选择_2":["Succeeded"]},"metadata":{"operationMetadataId":"4155ba92-df1b-4676-a673-3473515ab8b1"},"type":"Compose","inputs":"@intersection(body('选择_2'),body('选择'))"},"共有项目文本字符串":{"runAfter":{"共有项目":["Succeeded"]},"metadata":{"operationMetadataId":"ef09b289-36aa-4b7b-8892-b4f73c45d2da"},"type":"Compose","inputs":"@string(outputs('共有项目'))"},"应用到每一个":{"foreach":"@outputs('列出表中存在的行')?['body/value']","actions":{"条件":{"actions":{"获取多个项_2":{"runAfter":{},"metadata":{"operationMetadataId":"20342e88-c6ae-4c71-a5a0-09d573fa1b49"},"type":"OpenApiConnection","inputs":{"host":{"apiId":"/providers/Microsoft.PowerApps/apis/shared_sharepointonline","connectionName":"shared_sharepointonline","operationId":"GetItems"},"parameters":{"dataset":"https://3f320d.sharepoint.com/sites/PowerPlatform","table":"501d9a29-c5bb-4581-ab7c-e5335bbde055","$filter":"LinkTitle eq '@{items('应用到每一个')?['编号']}'"},"authentication":{"value":"@json(decodeBase64(triggerOutputs().headers['X-MS-APIM-Tokens']))['$ConnectionKey']","type":"Raw"}}},"应用到每一个_2":{"foreach":"@outputs('获取多个项_2')?['body/value']","actions":{"设置变量":{"runAfter":{},"metadata":{"operationMetadataId":"441cda4b-9537-4f71-a1a1-6382080649fb"},"type":"SetVariable","inputs":{"name":"TempID","value":"@items('应用到每一个_2')?['ID']"}}},"runAfter":{"获取多个项_2":["Succeeded"]},"metadata":{"operationMetadataId":"28f42631-0128-4416-97af-7a2560debb00"},"type":"Foreach"},"获取项":{"runAfter":{"应用到每一个_2":["Succeeded"]},"metadata":{"operationMetadataId":"fd43c041-f095-408a-b52c-3171308f7114"},"type":"OpenApiConnection","inputs":{"host":{"apiId":"/providers/Microsoft.PowerApps/apis/shared_sharepointonline","connectionName":"shared_sharepointonline","operationId":"GetItem"},"parameters":{"dataset":"https://3f320d.sharepoint.com/sites/PowerPlatform","table":"501d9a29-c5bb-4581-ab7c-e5335bbde055","id":"@variables('TempID')"},"authentication":{"value":"@json(decodeBase64(triggerOutputs().headers['X-MS-APIM-Tokens']))['$ConnectionKey']","type":"Raw"}}},"条件_2":{"actions":{},"runAfter":{"获取项":["Succeeded"]},"else":{"actions":{"更新项":{"runAfter":{},"metadata":{"operationMetadataId":"cecde9cb-f2ba-49b6-9387-0f2d8e377a2e"},"type":"OpenApiConnection","inputs":{"host":{"apiId":"/providers/Microsoft.PowerApps/apis/shared_sharepointonline","connectionName":"shared_sharepointonline","operationId":"PatchItem"},"parameters":{"dataset":"https://3f320d.sharepoint.com/sites/PowerPlatform","table":"501d9a29-c5bb-4581-ab7c-e5335bbde055","id":"@outputs('获取项')?['body/ID']","item/field_1":"@items('应用到每一个')?['需求']","item/field_4":"@items('应用到每一个')?['需求描述']","item/field_5":"@items('应用到每一个')?['状态']"},"authentication":{"value":"@json(decodeBase64(triggerOutputs().headers['X-MS-APIM-Tokens']))['$ConnectionKey']","type":"Raw"}}},"增量变量":{"runAfter":{"更新项":["Succeeded"]},"metadata":{"operationMetadataId":"d740bfd2-4dbd-4816-ab9d-dd9cd563c8c9"},"type":"IncrementVariable","inputs":{"name":"更新数量","value":1}}}},"expression":{"and":[{"equals":["@outputs('获取项')?['body/field_1']","@items('应用到每一个')?['需求']"]},{"equals":["@outputs('获取项')?['body/field_4']","@items('应用到每一个')?['需求描述']"]},{"equals":["@outputs('获取项')?['body/field_5']","@items('应用到每一个')?['状态']"]}]},"metadata":{"operationMetadataId":"534c2e5a-43c7-4931-a39b-199a358ea277"},"type":"If"}},"runAfter":{},"else":{"actions":{"创建项":{"runAfter":{},"metadata":{"operationMetadataId":"133e3547-3e86-4b4e-b07c-aa6ab8b37853"},"type":"OpenApiConnection","inputs":{"host":{"apiId":"/providers/Microsoft.PowerApps/apis/shared_sharepointonline","connectionName":"shared_sharepointonline","operationId":"PostItem"},"parameters":{"dataset":"https://3f320d.sharepoint.com/sites/PowerPlatform","table":"501d9a29-c5bb-4581-ab7c-e5335bbde055","item/Title":"@items('应用到每一个')?['编号']","item/field_1":"@items('应用到每一个')?['需求']","item/field_2":"@items('应用到每一个')?['申请人邮箱']","item/field_3":"@items('应用到每一个')?['申请日期']","item/field_4":"@items('应用到每一个')?['需求描述']","item/field_5":"@items('应用到每一个')?['状态']"},"authentication":{"value":"@json(decodeBase64(triggerOutputs().headers['X-MS-APIM-Tokens']))['$ConnectionKey']","type":"Raw"}}},"追加到字符串变量":{"runAfter":{"创建项":["Succeeded"]},"metadata":{"operationMetadataId":"adbef662-ec4a-4204-905a-02be234a54c2"},"type":"AppendToStringVariable","inputs":{"name":"新增的编号","value":"@{outputs('创建项')?['body/Title']} 完成新增！\n"}}}},"expression":{"contains":["@outputs('共有项目文本字符串')","@items('应用到每一个')?['编号']"]},"metadata":{"operationMetadataId":"b4e53765-cb2d-4a2d-91fb-e54f04a8cb70"},"type":"If"}},"runAfter":{"初始化变量_2":["Succeeded"]},"metadata":{"operationMetadataId":"2c04a9d1-0aa5-42f4-b2f9-99e4bd0c3759"},"type":"Foreach","runtimeConfiguration":{"concurrency":{"repetitions":1}}},"临时ID":{"runAfter":{},"metadata":{"operationMetadataId":"3571ce0e-ec0c-4099-822c-f3cc444cd3a6"},"type":"InitializeVariable","inputs":{"variables":[{"name":"TempID","type":"integer"}]}},"初始化变量":{"runAfter":{"共有项目文本字符串":["Succeeded"]},"metadata":{"operationMetadataId":"53102e4c-4977-4012-b2de-551fd7fa9ac0"},"type":"InitializeVariable","inputs":{"variables":[{"name":"更新数量","type":"integer","value":0}]}},"初始化变量_2":{"runAfter":{"初始化变量":["Succeeded"]},"metadata":{"operationMetadataId":"e41247bd-4fd6-4db8-b8a8-ddfee08c03cd"},"type":"InitializeVariable","inputs":{"variables":[{"name":"新增的编号","type":"string"}]}},"在聊天或渠道中发布消息":{"runAfter":{"应用到每一个":["Succeeded"]},"metadata":{"operationMetadataId":"f284ac6a-a604-426b-837f-c890b4ed46e6"},"type":"OpenApiConnection","inputs":{"host":{"apiId":"/providers/Microsoft.PowerApps/apis/shared_teams","connectionName":"shared_teams","operationId":"PostMessageToConversation"},"parameters":{"poster":"Flow bot","location":"Chat with Flow bot","body/recipient":"Jeff@3f320d.onmicrosoft.com;","body/messageBody":"<p>已完成操作！<br>\n<br>\n操作次数：@{length(outputs('列出表中存在的行')?['body/value'])}<br>\n<br>\n更新项目次数：@{variables('更新数量')}<br>\n<br>\n新增项：@{variables('新增的编号')}</p>"},"authentication":{"value":"@json(decodeBase64(triggerOutputs().headers['X-MS-APIM-Tokens']))['$ConnectionKey']","type":"Raw"}}}}},"connectionReferences":{"shared_excelonlinebusiness":{"connectionName":"shared-excelonlinebu-322f341d-d804-4e00-9657-417eb8a2d9e4","source":"Invoker","id":"/providers/Microsoft.PowerApps/apis/shared_excelonlinebusiness","tier":"NotSpecified"},"shared_sharepointonline":{"connectionName":"shared-sharepointonl-b05657f3-a4a6-46ca-a3ca-51f38d94a445","source":"Invoker","id":"/providers/Microsoft.PowerApps/apis/shared_sharepointonline","tier":"NotSpecified"},"shared_teams":{"connectionName":"shared-teams-0bba93a6-af47-4864-9ea5-db771ec2d6df","source":"Invoker","id":"/providers/Microsoft.PowerApps/apis/shared_teams","tier":"NotSpecified"}},"flowFailureAlertSubscribed":false,"isManaged":false}}