{"name":"aad265ea-acbe-43cc-8724-4c2720f54049","id":"/providers/Microsoft.Flow/flows/aad265ea-acbe-43cc-8724-4c2720f54049","type":"Microsoft.Flow/flows","properties":{"apiId":"/providers/Microsoft.PowerApps/apis/shared_logicflows","displayName":"Case9-全自动获取邮件下载链接并下载资料进行存档","definition":{"metadata":{"workflowEntityId":null,"processAdvisorMetadata":null,"flowclientsuspensionreason":"None","flowclientsuspensiontime":null,"creator":{"id":"90992087-b016-48be-8777-427cc981023a","type":"User","tenantId":"d4f1bf94-e3d0-4385-95eb-93bc9a80edd3"},"provisioningMethod":"FromDefinition","failureAlertSubscription":true,"clientLastModifiedTime":"2022-05-03T07:42:09.6321434Z"},"$schema":"https://schema.management.azure.com/providers/Microsoft.Logic/schemas/2016-06-01/workflowdefinition.json#","contentVersion":"1.0.0.0","parameters":{"$connections":{"defaultValue":{},"type":"Object"},"$authentication":{"defaultValue":{},"type":"SecureObject"}},"triggers":{"新电子邮件到达时(V3)":{"splitOn":"@triggerOutputs()?['body/value']","metadata":{"operationMetadataId":"06d899b8-1933-434b-be29-edaab14cd5f4"},"type":"OpenApiConnectionNotification","inputs":{"host":{"apiId":"/providers/Microsoft.PowerApps/apis/shared_office365","connectionName":"shared_office365","operationId":"OnNewEmailV3"},"parameters":{"folderPath":"Inbox","from":"Admin@3f320d.onmicrosoft.com","includeAttachments":false,"subjectFilter":"每周自动发送","importance":"Any","fetchOnlyWithAttachment":false},"authentication":"@parameters('$authentication')"}}},"actions":{"Html_到文本":{"runAfter":{},"metadata":{"operationMetadataId":"97748240-845e-4ffa-98f1-9b007fc1ec3e"},"type":"OpenApiConnection","inputs":{"host":{"apiId":"/providers/Microsoft.PowerApps/apis/shared_conversionservice","connectionName":"shared_conversionservice","operationId":"HtmlToText"},"parameters":{"Content":"<p>@{triggerOutputs()?['body/body']}</p>"},"authentication":"@parameters('$authentication')"}},"初始化变量":{"runAfter":{"Html_到文本":["Succeeded"]},"metadata":{"operationMetadataId":"2c956726-bc7f-480a-abd0-57006b075c36"},"type":"InitializeVariable","inputs":{"variables":[{"name":"下载网址","type":"string"}]}},"用【拆分内容":{"runAfter":{"初始化变量":["Succeeded"]},"metadata":{"operationMetadataId":"32d16eae-3ade-413a-9ed5-b62fefccfe2e"},"type":"Compose","inputs":"@split(outputs('Html_到文本')?['body'],'[')"},"取http开始的内容":{"runAfter":{"用【拆分内容":["Succeeded"]},"metadata":{"operationMetadataId":"b0d44263-7f05-4d92-88b8-cba038570daf"},"type":"Compose","inputs":"@last(outputs('用【拆分内容'))"},"设置变量":{"runAfter":{"取http开始的内容":["Succeeded"]},"metadata":{"operationMetadataId":"830411d9-d900-408d-8529-5fd9ca8bc393"},"type":"SetVariable","inputs":{"name":"下载网址","value":"@{split(outputs('取http开始的内容'),']')[0]}"}},"从_URL_上传文件":{"runAfter":{"设置变量":["Succeeded"]},"metadata":{"operationMetadataId":"bc9ea1f0-1768-4765-b2e0-3166047a47fe"},"type":"OpenApiConnection","inputs":{"host":{"apiId":"/providers/Microsoft.PowerApps/apis/shared_onedriveforbusiness","connectionName":"shared_onedriveforbusiness","operationId":"CopyFile"},"parameters":{"source":"@variables('下载网址')","destination":"File_@{utcNow()}.png","overwrite":false},"authentication":"@parameters('$authentication')"}},"获取文件内容":{"runAfter":{"从_URL_上传文件":["Succeeded"]},"metadata":{"operationMetadataId":"9d5952e2-6f76-4630-85e7-407837ab13d2"},"type":"OpenApiConnection","inputs":{"host":{"apiId":"/providers/Microsoft.PowerApps/apis/shared_onedriveforbusiness","connectionName":"shared_onedriveforbusiness","operationId":"GetFileContent"},"parameters":{"id":"@outputs('从_URL_上传文件')?['body/Id']","inferContentType":true},"authentication":"@parameters('$authentication')"}},"创建项":{"runAfter":{"获取文件内容":["Succeeded"]},"metadata":{"operationMetadataId":"e9fdb9b2-a570-4ecb-8a89-78dc309d63ee"},"type":"OpenApiConnection","inputs":{"host":{"apiId":"/providers/Microsoft.PowerApps/apis/shared_sharepointonline","connectionName":"shared_sharepointonline","operationId":"PostItem"},"parameters":{"dataset":"https://3f320d.sharepoint.com/sites/AutomateCase","table":"31bbe8b2-8c63-4b8d-ba2b-f03ddf4c5c08","item/Title":"@triggerOutputs()?['body/subject']","item/OData__x90ae__x4ef6__x53d1__x4ef6__x4e":"@triggerOutputs()?['body/from']","item/OData__x90ae__x4ef6__x6b63__x6587_":"@body('Html_到文本')","item/OData__x6587__x6863__x4e0b__x8f7d__x94":"@variables('下载网址')"},"authentication":"@parameters('$authentication')"}},"添加附件":{"runAfter":{"创建项":["Succeeded"]},"metadata":{"operationMetadataId":"7c19915b-cc95-467e-81ee-7b57c3b825d3"},"type":"OpenApiConnection","inputs":{"host":{"apiId":"/providers/Microsoft.PowerApps/apis/shared_sharepointonline","connectionName":"shared_sharepointonline","operationId":"CreateAttachment"},"parameters":{"dataset":"https://3f320d.sharepoint.com/sites/AutomateCase","table":"31bbe8b2-8c63-4b8d-ba2b-f03ddf4c5c08","itemId":"@outputs('创建项')?['body/ID']","displayName":"@outputs('从_URL_上传文件')?['body/Name']","body":"@body('获取文件内容')"},"authentication":"@parameters('$authentication')"}},"删除文件":{"runAfter":{"添加附件":["Succeeded"]},"metadata":{"operationMetadataId":"80505791-f3f5-4958-b580-781d9dc325a6"},"type":"OpenApiConnection","inputs":{"host":{"apiId":"/providers/Microsoft.PowerApps/apis/shared_onedriveforbusiness","connectionName":"shared_onedriveforbusiness","operationId":"DeleteFile"},"parameters":{"id":"@outputs('从_URL_上传文件')?['body/Id']"},"authentication":"@parameters('$authentication')"}}}},"connectionReferences":{"shared_office365":{"connectionName":"eaabdafbe4284fc78d1b698bd15f817d","source":"Embedded","id":"/providers/Microsoft.PowerApps/apis/shared_office365","tier":"NotSpecified"},"shared_conversionservice":{"connectionName":"shared-conversionser-6fb05ac7-460a-4b5e-b712-4686713337f6","source":"Embedded","id":"/providers/Microsoft.PowerApps/apis/shared_conversionservice","tier":"NotSpecified"},"shared_onedriveforbusiness":{"connectionName":"shared-onedriveforbu-6ea7f39f-7e5c-48ac-9560-b77b80b41526","source":"Embedded","id":"/providers/Microsoft.PowerApps/apis/shared_onedriveforbusiness","tier":"NotSpecified"},"shared_sharepointonline":{"connectionName":"afc9a1b8992d41f7b4e195ef4f661ade","source":"Embedded","id":"/providers/Microsoft.PowerApps/apis/shared_sharepointonline","tier":"NotSpecified"}},"flowFailureAlertSubscribed":false,"isManaged":false}}