{"name":"3ca408cb-093d-4676-8119-196966a0eeff","id":"/providers/Microsoft.Flow/flows/3ca408cb-093d-4676-8119-196966a0eeff","type":"Microsoft.Flow/flows","properties":{"apiId":"/providers/Microsoft.PowerApps/apis/shared_logicflows","displayName":"Case3-用车申请与定制通知-Teams自适应卡片","definition":{"metadata":{"workflowEntityId":null,"processAdvisorMetadata":null,"flowclientsuspensionreason":"None","flowclientsuspensiontime":null,"creator":{"id":"90992087-b016-48be-8777-427cc981023a","type":"User","tenantId":"d4f1bf94-e3d0-4385-95eb-93bc9a80edd3"},"provisioningMethod":"FromDefinition","failureAlertSubscription":true,"clientLastModifiedTime":"2022-05-01T10:47:28.3523587Z"},"$schema":"https://schema.management.azure.com/providers/Microsoft.Logic/schemas/2016-06-01/workflowdefinition.json#","contentVersion":"1.0.0.0","parameters":{"$connections":{"defaultValue":{},"type":"Object"},"$authentication":{"defaultValue":{},"type":"SecureObject"}},"triggers":{"提交新回复时":{"splitOn":"@triggerOutputs()?['body/value']","metadata":{"operationMetadataId":"34d0642e-790a-4695-9781-fd195dc18efb"},"type":"OpenApiConnectionWebhook","inputs":{"host":{"apiId":"/providers/Microsoft.PowerApps/apis/shared_microsoftforms","connectionName":"shared_microsoftforms","operationId":"CreateFormWebhook"},"parameters":{"form_id":"lL_x1NDjhUOV65O8moDt04cgmZAWsL5Ih3dCfMmBAjpURUtWUzRRVkNMUEFXSDdNR0tSUUVBT0RRMy4u"},"authentication":"@parameters('$authentication')"}}},"actions":{"获取回复详细信息":{"runAfter":{},"metadata":{"operationMetadataId":"559d1447-f6bd-4328-8f80-856eb08a481c"},"type":"OpenApiConnection","inputs":{"host":{"apiId":"/providers/Microsoft.PowerApps/apis/shared_microsoftforms","connectionName":"shared_microsoftforms","operationId":"GetFormResponseById"},"parameters":{"form_id":"lL_x1NDjhUOV65O8moDt04cgmZAWsL5Ih3dCfMmBAjpURUtWUzRRVkNMUEFXSDdNR0tSUUVBT0RRMy4u","response_id":"@triggerOutputs()?['body/resourceData/responseId']"},"authentication":"@parameters('$authentication')"}},"获取行":{"runAfter":{"获取回复详细信息":["Succeeded"]},"metadata":{"01XXKBPXPQSW2AORJEMZFLRJKSJTACB6FG":"/用车申请记录.xlsx","operationMetadataId":"1fdce46c-343b-4b1d-b95e-df1899bb042d"},"type":"OpenApiConnection","inputs":{"host":{"apiId":"/providers/Microsoft.PowerApps/apis/shared_excelonlinebusiness","connectionName":"shared_excelonlinebusiness","operationId":"GetItem"},"parameters":{"source":"me","drive":"b!-QzJ9F6sZUerDFIP4VbDYj6HML6vfa9OnVJqjh7RX8PE336UkDuwSoURJNnjxQ8W","file":"01XXKBPXPQSW2AORJEMZFLRJKSJTACB6FG","table":"{493B83F3-CEFF-4380-83AE-6A990B762C6D}","idColumn":"工号","id":"@outputs('获取回复详细信息')?['body/r9d08ab567243413984a40c0c0926d53f']"},"authentication":"@parameters('$authentication')"}},"在表中插入新行":{"runAfter":{"获取行":["Succeeded"]},"metadata":{"01XXKBPXPQSW2AORJEMZFLRJKSJTACB6FG":"/用车申请记录.xlsx","operationMetadataId":"ac32b43c-fc64-4bc5-aaf4-347142c37e2a"},"type":"OpenApiConnection","inputs":{"host":{"apiId":"/providers/Microsoft.PowerApps/apis/shared_excelonlinebusiness","connectionName":"shared_excelonlinebusiness","operationId":"AddRowV2"},"parameters":{"source":"me","drive":"b!-QzJ9F6sZUerDFIP4VbDYj6HML6vfa9OnVJqjh7RX8PE336UkDuwSoURJNnjxQ8W","file":"01XXKBPXPQSW2AORJEMZFLRJKSJTACB6FG","table":"{2C849B10-89C4-4611-B57D-2A437DD88557}","dateTimeFormat":"ISO 8601","item/申请人":"@outputs('获取行')?['body/姓名']","item/联系手机":"@outputs('获取行')?['body/电话']","item/邮箱地址":"@outputs('获取行')?['body/邮箱']","item/部门":"@outputs('获取行')?['body/部门']","item/申请时间":"@outputs('获取回复详细信息')?['body/submitDate']","item/用车事由":"@outputs('获取回复详细信息')?['body/rd0e243a1666146a68c866df482c76b38']","item/出发地点":"@outputs('获取回复详细信息')?['body/r0e4aacaee91c4a9faa8c8cb316d8ba32']","item/目的地点":"@outputs('获取回复详细信息')?['body/r1a2d3f7e44ff417bb380315821ed92ca']","item/出发日期":"@outputs('获取回复详细信息')?['body/r05683030dff6426d87a313fc8aab427b']","item/出发时间":"@outputs('获取回复详细信息')?['body/re5674216a2f64469b208f59ba214d2de']","item/同行人数":"@outputs('获取回复详细信息')?['body/r1d95d0087a294e1b8b5b819c83092f45']","item/车型要求":"@outputs('获取回复详细信息')?['body/r9ec5362cb1094d99a3fed14d4ac73ee1']","item/额外备注":"@outputs('获取回复详细信息')?['body/r3ff7173d415f426da93ff78f6a1d6394']"},"authentication":"@parameters('$authentication')"}},"发送电子邮件(V2)":{"runAfter":{"HTMLTable":["Succeeded"]},"metadata":{"operationMetadataId":"9a43cec1-1a79-4d7c-9f55-c8e48669547b"},"type":"OpenApiConnection","inputs":{"host":{"apiId":"/providers/Microsoft.PowerApps/apis/shared_office365","connectionName":"shared_office365","operationId":"SendEmailV2"},"parameters":{"emailMessage/To":"HR@3f320d.onmicrosoft.com","emailMessage/Subject":"【用车申请】@{outputs('在表中插入新行')?['body/申请人']} @{outputs('在表中插入新行')?['body/目的地点']}","emailMessage/Body":"@{outputs('HTMLTable')}\n@{body('创建_HTML_表格')}","emailMessage/Cc":"@outputs('在表中插入新行')?['body/邮箱地址']"},"authentication":"@parameters('$authentication')"}},"初始化变量":{"runAfter":{"出发时间":["Succeeded"]},"metadata":{"operationMetadataId":"f94acd51-e969-42a6-97a0-03a5b853ce20"},"type":"InitializeVariable","inputs":{"variables":[{"name":"table","type":"array"}]}},"追加到数组变量":{"runAfter":{"初始化变量":["Succeeded"]},"metadata":{"operationMetadataId":"201b2e04-7512-4cea-8ea9-2acc60ecf5e7"},"type":"AppendToArrayVariable","inputs":{"name":"table","value":{"员工姓名":"@outputs('在表中插入新行')?['body/申请人']","联系电话":"@outputs('在表中插入新行')?['body/联系手机']","用车事由":"@outputs('在表中插入新行')?['body/用车事由']","出发日期":"@body('出发时间')","出发时间":"@outputs('在表中插入新行')?['body/出发时间']","出发地点":"@outputs('在表中插入新行')?['body/出发地点']","目的地点":"@outputs('在表中插入新行')?['body/目的地点']","同行人数":"@outputs('在表中插入新行')?['body/同行人数']","车型要求":"@outputs('在表中插入新行')?['body/车型要求']","额外备注":"@outputs('在表中插入新行')?['body/额外备注']","申请时间":"@body('提交时间')"}}},"创建_HTML_表格":{"runAfter":{"追加到数组变量":["Succeeded"]},"metadata":{"operationMetadataId":"a3ed739f-a71d-4dcc-b0b4-57d01425228a"},"type":"Table","inputs":{"from":"@variables('table')","format":"HTML"}},"HTMLTable":{"runAfter":{"创建_HTML_表格":["Succeeded"]},"metadata":{"operationMetadataId":"4cd39a95-2f55-4c52-ba51-cb9b8cebcb48"},"type":"Compose","inputs":"<style>\nTable {\n  font-family: Arial, Helvetica, sans-serif;\n  background-color: #EEEEEE;\n  border-collapse: collapse;\n  width: 100%;\n}\n\nTable td, Table th {\n  border: 1px solid #ddd;\n  padding: 3px 3px;\n}\n\nTable th {\n  font-size: 15px;\n  font-weight: bold;\n  padding-top: 12px;\n  padding-bottom: 12px;\n  text-align: left;\n  background-color: #1C6EA4;\n  color: white;\n}\n</style>"},"提交时间":{"runAfter":{"在表中插入新行":["Succeeded"]},"metadata":{"operationMetadataId":"46c57760-88f5-4f74-a74b-d4d9f7952b8b"},"type":"Expression","kind":"ConvertTimeZone","inputs":{"baseTime":"@outputs('获取回复详细信息')?['body/submitDate']","formatString":"g","sourceTimeZone":"UTC","destinationTimeZone":"China Standard Time"}},"出发时间":{"runAfter":{"提交时间":["Succeeded"]},"metadata":{"operationMetadataId":"974938e1-7452-47b9-bb17-449be1b61182"},"type":"Expression","kind":"ConvertTimeZone","inputs":{"baseTime":"@outputs('在表中插入新行')?['body/出发日期']","formatString":"d","sourceTimeZone":"UTC","destinationTimeZone":"China Standard Time"}},"在聊天或渠道中发布自适应卡":{"runAfter":{"HTMLTable":["Succeeded"]},"metadata":{"operationMetadataId":"3f0db75e-6699-4c6f-8132-7666f0f3cf86"},"type":"OpenApiConnection","inputs":{"host":{"apiId":"/providers/Microsoft.PowerApps/apis/shared_teams","connectionName":"shared_teams","operationId":"PostCardToConversation"},"parameters":{"poster":"Flow bot","location":"Chat with Flow bot","body/recipient":"Jeff@3f320d.onmicrosoft.com;","body/messageBody":"{\n    \"type\": \"AdaptiveCard\",\n    \"body\": [\n        {\n            \"type\": \"ColumnSet\",\n            \"columns\": [\n                {\n                    \"type\": \"Column\",\n                    \"items\": [\n                        {\n                            \"type\": \"Container\",\n                            \"backgroundImage\": {\n                                \"url\": \"https://messagecardplayground.azurewebsites.net/assets/TxP_Background.png\"\n                            },\n                            \"items\": [\n                                {\n                                    \"type\": \"Image\",\n                                    \"horizontalAlignment\": \"Center\",\n                                    \"altText\": \"Departing airplane\",\n                                    \"url\": \"http://www.changan-mazda.com.cn/default/images/nav_car1.png\"\n                                }\n                            ],\n                            \"bleed\": true\n                        }\n                    ],\n                    \"width\": 45,\n                    \"height\": \"stretch\"\n                },\n                {\n                    \"type\": \"Column\",\n                    \"items\": [\n                        {\n                            \"type\": \"Container\",\n                            \"height\": \"stretch\",\n                            \"items\": [\n                                {\n                                    \"type\": \"Container\",\n                                    \"spacing\": \"None\",\n                                    \"style\": \"emphasis\",\n                                    \"items\": [\n                                        {\n                                            \"type\": \"TextBlock\",\n                                            \"size\": \"ExtraLarge\",\n                                            \"weight\": \"Lighter\",\n                                            \"color\": \"Accent\",\n                                            \"text\": \"申请人：@{outputs('在表中插入新行')?['body/申请人']} 电话 @{outputs('在表中插入新行')?['body/联系手机']}\",\n                                            \"wrap\": true\n                                        },\n                                        {\n                                            \"type\": \"TextBlock\",\n                                            \"spacing\": \"Small\",\n                                            \"text\": \"出发时间：@{body('出发时间')} @{outputs('在表中插入新行')?['body/出发时间']}\",\n                                            \"wrap\": true\n                                        },\n                                        {\n                                            \"type\": \"TextBlock\",\n                                            \"spacing\": \"None\",\n                                            \"text\": \"车型要求：@{outputs('在表中插入新行')?['body/车型要求']} 同行人数：@{outputs('在表中插入新行')?['body/同行人数']}\",\n                                            \"wrap\": true\n                                        },\n                                        {\n                                            \"type\": \"TextBlock\",\n                                            \"spacing\": \"None\",\n                                            \"text\": \"额外备注：@{outputs('在表中插入新行')?['body/额外备注']}\",\n                                            \"wrap\": true\n                                        }\n                                    ],\n                                    \"bleed\": true,\n                                    \"height\": \"stretch\"\n                                },\n                                {\n                                    \"type\": \"ColumnSet\",\n                                    \"columns\": [\n                                        {\n                                            \"type\": \"Column\",\n                                            \"items\": [\n                                                {\n                                                    \"type\": \"TextBlock\",\n                                                    \"size\": \"ExtraLarge\",\n                                                    \"weight\": \"Lighter\",\n                                                    \"text\": \"@{outputs('在表中插入新行')?['body/出发地点']}\",\n                                                    \"wrap\": true\n                                                }\n                                            ],\n                                            \"width\": \"auto\"\n                                        },\n                                        {\n                                            \"type\": \"Column\",\n                                            \"verticalContentAlignment\": \"Center\",\n                                            \"items\": [\n                                                {\n                                                    \"type\": \"Image\",\n                                                    \"url\": \"https://messagecardplayground.azurewebsites.net/assets/graydot2x2.png\",\n                                                    \"width\": \"10000px\",\n                                                    \"height\": \"2px\"\n                                                }\n                                            ],\n                                            \"width\": \"stretch\"\n                                        },\n                                        {\n                                            \"type\": \"Column\",\n                                            \"spacing\": \"Small\",\n                                            \"verticalContentAlignment\": \"Center\",\n                                            \"items\": [\n                                                {\n                                                    \"type\": \"Image\",\n                                                    \"url\": \"https://messagecardplayground.azurewebsites.net/assets/smallairplane.png\",\n                                                    \"height\": \"16px\"\n                                                }\n                                            ],\n                                            \"width\": \"auto\"\n                                        },\n                                        {\n                                            \"type\": \"Column\",\n                                            \"items\": [\n                                                {\n                                                    \"type\": \"TextBlock\",\n                                                    \"horizontalAlignment\": \"Right\",\n                                                    \"size\": \"ExtraLarge\",\n                                                    \"weight\": \"Lighter\",\n                                                    \"text\": \"@{outputs('在表中插入新行')?['body/目的地点']}\",\n                                                    \"wrap\": true\n                                                }\n                                            ],\n                                            \"width\": \"auto\"\n                                        }\n                                    ]\n                                }\n                            ]\n                        }\n                    ],\n                    \"width\": 55\n                }\n            ],\n            \"height\": \"stretch\"\n        }\n    ],\n    \"$schema\": \"http://adaptivecards.io/schemas/adaptive-card.json\",\n    \"version\": \"1.3\"\n}"},"authentication":"@parameters('$authentication')"}}}},"connectionReferences":{"shared_microsoftforms":{"connectionName":"shared-microsoftform-2020bf08-6d1b-40a7-ad26-f8aaada01390","source":"Embedded","id":"/providers/Microsoft.PowerApps/apis/shared_microsoftforms","tier":"NotSpecified"},"shared_excelonlinebusiness":{"connectionName":"bbbc63e0db2d480c889df4b5efab40cb","source":"Embedded","id":"/providers/Microsoft.PowerApps/apis/shared_excelonlinebusiness","tier":"NotSpecified"},"shared_office365":{"connectionName":"eaabdafbe4284fc78d1b698bd15f817d","source":"Embedded","id":"/providers/Microsoft.PowerApps/apis/shared_office365","tier":"NotSpecified"},"shared_teams":{"connectionName":"shared-teams-c55e7218-4ad6-4e9e-bb35-3ff36b1cdc40","source":"Embedded","id":"/providers/Microsoft.PowerApps/apis/shared_teams","tier":"NotSpecified"}},"flowFailureAlertSubscribed":false,"isManaged":false}}