{"name":"174f6625-e559-4dea-8c33-4057ca9e8081","id":"/providers/Microsoft.Flow/flows/174f6625-e559-4dea-8c33-4057ca9e8081","type":"Microsoft.Flow/flows","properties":{"apiId":"/providers/Microsoft.PowerApps/apis/shared_logicflows","displayName":"Case4-每周巡检自动提醒-每周一自动发送提醒","definition":{"metadata":{"workflowEntityId":null,"processAdvisorMetadata":null,"flowclientsuspensionreason":"None","flowclientsuspensiontime":null,"creator":{"id":"90992087-b016-48be-8777-427cc981023a","type":"User","tenantId":"d4f1bf94-e3d0-4385-95eb-93bc9a80edd3"},"provisioningMethod":"FromDefinition","failureAlertSubscription":true,"clientLastModifiedTime":"2022-05-02T05:46:50.2214496Z"},"$schema":"https://schema.management.azure.com/providers/Microsoft.Logic/schemas/2016-06-01/workflowdefinition.json#","contentVersion":"1.0.0.0","parameters":{"$connections":{"defaultValue":{},"type":"Object"},"$authentication":{"defaultValue":{},"type":"SecureObject"}},"triggers":{"Recurrence":{"recurrence":{"frequency":"Week","interval":1,"startTime":"2022-05-02T02:00:00.000Z","schedule":{"weekDays":["Monday"]}},"metadata":{"operationMetadataId":"efe3d458-ac9b-4b81-acc2-8176515dad48"},"type":"Recurrence"}},"actions":{"当前时间":{"runAfter":{},"metadata":{"operationMetadataId":"c996807c-359a-41ad-b5c7-c8f35c23bda9"},"type":"Expression","kind":"CurrentTime","inputs":{}},"计算当前周数":{"runAfter":{"值日小组邮箱":["Succeeded"]},"metadata":{"operationMetadataId":"7056af75-bc18-4c55-874f-a530763538aa"},"type":"Compose","inputs":"@add(1,div(dayOfYear(body('当前时间')),7))","description":"add(1,div(dayOfYear(body('当前时间')),7))"},"获取行":{"runAfter":{"计算当前周数":["Succeeded"]},"metadata":{"01XXKBPXL6NLUMSMNLJNFKWB7NW7OPSWSS":"/机械小鸽/Case4每周巡检自动提醒.xlsx","operationMetadataId":"50d4c752-1b7e-43cf-8541-850622d094f4","tableId":"{AFB85035-3135-4837-A087-C836FBB4DF11}"},"type":"OpenApiConnection","inputs":{"host":{"apiId":"/providers/Microsoft.PowerApps/apis/shared_excelonlinebusiness","connectionName":"shared_excelonlinebusiness","operationId":"GetItem"},"parameters":{"source":"me","drive":"b!-QzJ9F6sZUerDFIP4VbDYj6HML6vfa9OnVJqjh7RX8PE336UkDuwSoURJNnjxQ8W","file":"01XXKBPXL6NLUMSMNLJNFKWB7NW7OPSWSS","table":"{AFB85035-3135-4837-A087-C836FBB4DF11}","idColumn":"周数","id":"@outputs('计算当前周数')"},"authentication":"@parameters('$authentication')"}},"获取行_2":{"runAfter":{"获取行":["Succeeded"]},"metadata":{"01XXKBPXL6NLUMSMNLJNFKWB7NW7OPSWSS":"/机械小鸽/Case4每周巡检自动提醒.xlsx","operationMetadataId":"972734cc-184f-4723-83fe-743f13092723","tableId":"{E6DFAF3B-E432-4A03-8F2C-3D8E8458DEEC}"},"type":"OpenApiConnection","inputs":{"host":{"apiId":"/providers/Microsoft.PowerApps/apis/shared_excelonlinebusiness","connectionName":"shared_excelonlinebusiness","operationId":"GetItem"},"parameters":{"source":"me","drive":"b!-QzJ9F6sZUerDFIP4VbDYj6HML6vfa9OnVJqjh7RX8PE336UkDuwSoURJNnjxQ8W","file":"01XXKBPXL6NLUMSMNLJNFKWB7NW7OPSWSS","table":"{E6DFAF3B-E432-4A03-8F2C-3D8E8458DEEC}","idColumn":"员工姓名","id":"@outputs('获取行')?['body/小组组长']"},"authentication":"@parameters('$authentication')"}},"值日小组邮箱":{"runAfter":{"当前时间":["Succeeded"]},"metadata":{"operationMetadataId":"e5ed0d20-caa3-4a8a-91fe-fa6ba6edf92d"},"type":"InitializeVariable","inputs":{"variables":[{"name":"Mailbox","type":"string"}]}},"追加到字符串变量":{"runAfter":{"获取行_2":["Succeeded"]},"metadata":{"operationMetadataId":"d934f0d9-ae81-4929-8827-0649090dcafe"},"type":"AppendToStringVariable","inputs":{"name":"Mailbox","value":"@{outputs('获取行_2')?['body/邮箱']};"}},"获取行_3":{"runAfter":{"获取行":["Succeeded"]},"metadata":{"01XXKBPXL6NLUMSMNLJNFKWB7NW7OPSWSS":"/机械小鸽/Case4每周巡检自动提醒.xlsx","operationMetadataId":"fa4ebdcc-b335-49ce-a56e-f1202095810a","tableId":"{E6DFAF3B-E432-4A03-8F2C-3D8E8458DEEC}"},"type":"OpenApiConnection","inputs":{"host":{"apiId":"/providers/Microsoft.PowerApps/apis/shared_excelonlinebusiness","connectionName":"shared_excelonlinebusiness","operationId":"GetItem"},"parameters":{"source":"me","drive":"b!-QzJ9F6sZUerDFIP4VbDYj6HML6vfa9OnVJqjh7RX8PE336UkDuwSoURJNnjxQ8W","file":"01XXKBPXL6NLUMSMNLJNFKWB7NW7OPSWSS","table":"{E6DFAF3B-E432-4A03-8F2C-3D8E8458DEEC}","idColumn":"员工姓名","id":"@outputs('获取行')?['body/组员A']"},"authentication":"@parameters('$authentication')"}},"获取行_4":{"runAfter":{"获取行":["Succeeded"]},"metadata":{"01XXKBPXL6NLUMSMNLJNFKWB7NW7OPSWSS":"/机械小鸽/Case4每周巡检自动提醒.xlsx","operationMetadataId":"9851a81b-d474-4673-92a2-632a217f9bbe","tableId":"{E6DFAF3B-E432-4A03-8F2C-3D8E8458DEEC}"},"type":"OpenApiConnection","inputs":{"host":{"apiId":"/providers/Microsoft.PowerApps/apis/shared_excelonlinebusiness","connectionName":"shared_excelonlinebusiness","operationId":"GetItem"},"parameters":{"source":"me","drive":"b!-QzJ9F6sZUerDFIP4VbDYj6HML6vfa9OnVJqjh7RX8PE336UkDuwSoURJNnjxQ8W","file":"01XXKBPXL6NLUMSMNLJNFKWB7NW7OPSWSS","table":"{E6DFAF3B-E432-4A03-8F2C-3D8E8458DEEC}","idColumn":"员工姓名","id":"@outputs('获取行')?['body/组员B']"},"authentication":"@parameters('$authentication')"}},"追加到字符串变量_3":{"runAfter":{"获取行_4":["Succeeded"]},"metadata":{"operationMetadataId":"4b927a5c-18b5-4165-9409-311f486a0029"},"type":"AppendToStringVariable","inputs":{"name":"Mailbox","value":"@{outputs('获取行_4')?['body/邮箱']};"}},"追加到字符串变量_2":{"runAfter":{"获取行_3":["Succeeded"]},"metadata":{"operationMetadataId":"08582c94-d335-4694-b336-2ffa55e614ae"},"type":"AppendToStringVariable","inputs":{"name":"Mailbox","value":"@{outputs('获取行_3')?['body/邮箱']};"}},"编辑":{"runAfter":{"追加到字符串变量":["Succeeded"],"追加到字符串变量_2":["Succeeded"],"追加到字符串变量_3":["Succeeded"]},"metadata":{"operationMetadataId":"f4406ad0-596d-4a88-b78a-7e3529c15e4b"},"type":"Compose","inputs":"@variables('Mailbox')"},"发送电子邮件(V2)":{"runAfter":{"编辑":["Succeeded"]},"metadata":{"operationMetadataId":"05136243-66a3-4c52-87ac-066fa088c92e"},"type":"OpenApiConnection","inputs":{"host":{"apiId":"/providers/Microsoft.PowerApps/apis/shared_office365","connectionName":"shared_office365","operationId":"SendEmailV2"},"parameters":{"emailMessage/To":"@variables('Mailbox')","emailMessage/Subject":"【安全巡检提醒】第@{outputs('计算当前周数')}周 值日","emailMessage/Body":"<p>hi @{outputs('获取行')?['body/小组组长']}，<br>\n<br>\n本周您和@{outputs('获取行')?['body/组员A']} @{outputs('获取行')?['body/组员B']}一起完成安全巡检，请在周五前提交巡检报告到Excel！<br>\n<br>\n<br>\n巡检汇总表<br>\n</p>"},"authentication":"@parameters('$authentication')"}},"编辑_2":{"runAfter":{"编辑":["Succeeded"]},"metadata":{"operationMetadataId":"ce5e82c7-6ee3-41a8-a031-4baeeebd3811"},"type":"Compose","inputs":"@split(outputs('编辑'),';')"},"应用到每一个":{"foreach":"@outputs('编辑_2')","actions":{"编辑_3":{"runAfter":{},"metadata":{"operationMetadataId":"3afdc386-d5d4-4c52-9e99-a169e0e1bf46"},"type":"Compose","inputs":"@items('应用到每一个')"},"条件":{"actions":{"在聊天或渠道中发布消息":{"runAfter":{},"metadata":{"operationMetadataId":"265555a5-0a52-4171-b4db-6d902b1d4b7e"},"type":"OpenApiConnection","inputs":{"host":{"apiId":"/providers/Microsoft.PowerApps/apis/shared_teams","connectionName":"shared_teams","operationId":"PostMessageToConversation"},"parameters":{"poster":"Flow bot","location":"Chat with Flow bot","body/recipient":"@{outputs('编辑_3')};","body/messageBody":"<p>你好！本周安全巡检的小组成员有：<br>\n<br>\n组长：@{outputs('获取行')?['body/小组组长']}<br>\n<br>\n组员：@{outputs('获取行')?['body/组员A']} @{outputs('获取行')?['body/组员B']}</p>"},"authentication":"@parameters('$authentication')"}}},"runAfter":{"编辑_3":["Succeeded"]},"expression":{"contains":["@outputs('编辑_3')","com"]},"metadata":{"operationMetadataId":"289e6649-cfd5-4e92-8af3-3d83fdcea836"},"type":"If"}},"runAfter":{"编辑_2":["Succeeded"]},"metadata":{"operationMetadataId":"9bf85062-446c-44bb-85c0-fd6a48bb346d"},"type":"Foreach"}}},"connectionReferences":{"shared_excelonlinebusiness":{"connectionName":"bbbc63e0db2d480c889df4b5efab40cb","source":"Embedded","id":"/providers/Microsoft.PowerApps/apis/shared_excelonlinebusiness","tier":"NotSpecified"},"shared_office365":{"connectionName":"eaabdafbe4284fc78d1b698bd15f817d","source":"Embedded","id":"/providers/Microsoft.PowerApps/apis/shared_office365","tier":"NotSpecified"},"shared_teams":{"connectionName":"shared-teams-c55e7218-4ad6-4e9e-bb35-3ff36b1cdc40","source":"Embedded","id":"/providers/Microsoft.PowerApps/apis/shared_teams","tier":"NotSpecified"}},"flowFailureAlertSubscribed":false,"isManaged":false}}