{"name":"4a875f8a-b857-4fa1-8b45-59238f3446d5","id":"/providers/Microsoft.Flow/flows/4a875f8a-b857-4fa1-8b45-59238f3446d5","type":"Microsoft.Flow/flows","properties":{"apiId":"/providers/Microsoft.PowerApps/apis/shared_logicflows","displayName":"【星球独享】免费的网页截图API，用Power Automate定时自动生成图片发送并存档","definition":{"metadata":{"workflowEntityId":null,"processAdvisorMetadata":null,"flowChargedByPaygo":null,"flowclientsuspensionreason":"None","flowclientsuspensiontime":null,"flowclientsuspensionreasondetails":null,"creator":{"id":"a376e43e-78fb-43df-b0b5-fe4dafa9d28d","type":"User","tenantId":"e3f0b629-b0b0-4323-8be4-e8c5116552ba"},"provisioningMethod":"FromDefinition","failureAlertSubscription":true,"clientLastModifiedTime":"2024-01-09T11:26:54.4215231Z","connectionKeySavedTimeKey":"2024-01-09T11:26:54.4215231Z"},"$schema":"https://schema.management.azure.com/providers/Microsoft.Logic/schemas/2016-06-01/workflowdefinition.json#","contentVersion":"undefined","parameters":{"$authentication":{"defaultValue":{},"type":"SecureObject"},"$connections":{"defaultValue":{},"type":"Object"}},"triggers":{"Recurrence":{"recurrence":{"frequency":"Day","interval":"1","startTime":"2024-01-09T02:00:00.000Z"},"type":"Recurrence"}},"actions":{"Initialize_variable":{"runAfter":{"Convert_time_zone":["Succeeded"]},"type":"InitializeVariable","inputs":{"variables":[{"name":"网站","type":"string","value":"https://make.powerautomate.com/"}]}},"Upload_file_from_URL":{"runAfter":{"Compose":["Succeeded"]},"type":"OpenApiConnection","inputs":{"parameters":{"source":"@outputs('Compose')","destination":"\\@{body('Convert_time_zone')}.png","overwrite":true},"host":{"apiId":"/providers/Microsoft.PowerApps/apis/shared_onedriveforbusiness","connectionName":"shared_onedriveforbusiness","operationId":"CopyFile"},"authentication":"@parameters('$authentication')"}},"Compose":{"runAfter":{"Initialize_variable":["Succeeded"]},"type":"Compose","inputs":"https://urlscan.io/liveshot/?width=1920&height=1080&url=@{variables('网站')}"},"Convert_time_zone":{"runAfter":{},"type":"Expression","kind":"ConvertTimeZone","inputs":{"baseTime":"@utcNow()","sourceTimeZone":"UTC","destinationTimeZone":"UTC","formatString":"yyyyMMddhhmmss"}},"Send_an_email_(V2)":{"runAfter":{"Get_file_content":["Succeeded"]},"type":"OpenApiConnection","inputs":{"parameters":{"emailMessage/To":"Jeff@mvpjeff.onmicrosoft.com","emailMessage/Subject":"【星球独享】免费的网页截图API，用Power Automate定时自动生成图片发送并存档","emailMessage/Body":"<p><a href=\"https://public.zsxq.com/groups/15522844582412.html\">微软全球最有价值专家MVP—专注于微软低代码Automate方向<br>B站垂类粉丝过万Up主，免费分享部分硬核知识—机械小鸽<br>知名外企培训师，累计培训人数过千人次！<br>微软社区讲师 Automate专家 RPA技术顾问<br><br>这里分享从入门到专业的不同难度课程分享，更有对外知名外企培训精华总结及全网粉丝提问的经典案例分享<br>内容定位：Power Automate 和Power Platform的相关结合上去应用。理论结合案例，结合实际业务场景贴近业务讲解，更有避坑指南纠错分享，及线上一对一问答指导！和志同道合的人一起学习，鼓励坚持，互相监督，一起成长！<br>三条原则：绝不拉群！绝不免费！优先回答星球提问！（加入72小时以内的暂不回答提问，过后会主动回答，被白嫖太多次，望能理解）<br><br></a>星球官方推荐的阶梯涨价模式：<br>最开始是99元，后来128元，再后来168，接着198，越早越便宜，越早越掌握知识技能多，内容绝对超值！ <br><br>付费加入可开发票报销，大部分加入的朋友都有单位报销了学习费用！<br><br><span style=\"background-color: rgb(255, 255, 255); color: rgb(90, 92, 102); font-family: PingFangSC-Regular; font-weight: 400; font-size: 14px;\">苹果手机用户想要「加入星球」，只需要点击星球预览页右上角的「分享」按钮，再点击分享到「微信」，然后在微信内打开刚才分享的页面，即可使用微信支付加入星球。</span></p>","emailMessage/Attachments":[{"Name":"@outputs('Upload_file_from_URL')?['body/DisplayName']","ContentBytes":"@{base64(body('Get_file_content'))}"}],"emailMessage/Importance":"Normal"},"host":{"apiId":"/providers/Microsoft.PowerApps/apis/shared_office365","connectionName":"shared_office365","operationId":"SendEmailV2"},"authentication":"@parameters('$authentication')"}},"Get_file_content":{"runAfter":{"Upload_file_from_URL":["Succeeded"]},"type":"OpenApiConnection","inputs":{"parameters":{"id":"@outputs('Upload_file_from_URL')?['body/Id']","inferContentType":true},"host":{"apiId":"/providers/Microsoft.PowerApps/apis/shared_onedriveforbusiness","connectionName":"shared_onedriveforbusiness","operationId":"GetFileContent"},"authentication":"@parameters('$authentication')"}}}},"connectionReferences":{"shared_onedriveforbusiness":{"connectionName":"shared-onedriveforbu-931e3a61-56f6-4902-9b4f-42000c054c2e","source":"Embedded","id":"/providers/Microsoft.PowerApps/apis/shared_onedriveforbusiness","tier":"NotSpecified"},"shared_office365":{"connectionName":"shared-office365-0d325986-adae-4dae-bd3b-6fbacbce7cc7","source":"Embedded","id":"/providers/Microsoft.PowerApps/apis/shared_office365","tier":"NotSpecified"}},"flowFailureAlertSubscribed":false,"isManaged":false}}