{"name":"e237b0c7-49f2-43f8-92e5-04bed5fdeb2d","id":"/providers/Microsoft.Flow/flows/e237b0c7-49f2-43f8-92e5-04bed5fdeb2d","type":"Microsoft.Flow/flows","properties":{"apiId":"/providers/Microsoft.PowerApps/apis/shared_logicflows","displayName":"Case1-物品借还登记与提醒自动化Flow-定时运行","definition":{"metadata":{"workflowEntityId":null,"processAdvisorMetadata":null,"flowclientsuspensionreason":"None","flowclientsuspensiontime":null,"creator":{"id":"90992087-b016-48be-8777-427cc981023a","type":"User","tenantId":"d4f1bf94-e3d0-4385-95eb-93bc9a80edd3"},"provisioningMethod":"FromDefinition","failureAlertSubscription":true,"clientLastModifiedTime":"2022-04-30T15:17:21.932784Z"},"$schema":"https://schema.management.azure.com/providers/Microsoft.Logic/schemas/2016-06-01/workflowdefinition.json#","contentVersion":"1.0.0.0","parameters":{"$connections":{"defaultValue":{},"type":"Object"},"$authentication":{"defaultValue":{},"type":"SecureObject"}},"triggers":{"Recurrence":{"recurrence":{"frequency":"Day","interval":1,"startTime":"2022-04-30T02:00:00.000Z"},"metadata":{"operationMetadataId":"1cf5b964-d220-4727-8aef-65592bedbd50"},"type":"Recurrence"}},"actions":{"获取多个项":{"runAfter":{"转换时区":["Succeeded"]},"metadata":{"operationMetadataId":"44bfe262-8093-4774-8236-3fde5329b366"},"type":"OpenApiConnection","inputs":{"host":{"apiId":"/providers/Microsoft.PowerApps/apis/shared_sharepointonline","connectionName":"shared_sharepointonline","operationId":"GetItems"},"parameters":{"dataset":"https://3f320d.sharepoint.com/sites/PowerPlatform","table":"e18f2f51-6e46-421a-99de-5b9a8e7e3c35","$filter":"OData__x8ba1__x5212__x5f52__x8fd8__x65 eq '@{body('转换时区')}'"},"authentication":"@parameters('$authentication')"}},"获取将来的时间":{"runAfter":{},"metadata":{"operationMetadataId":"a8c27139-c282-417a-9806-fdef91a2d02b"},"type":"Expression","kind":"GetFutureTime","inputs":{"interval":3,"timeUnit":"Day"}},"转换时区":{"runAfter":{"获取将来的时间":["Succeeded"]},"metadata":{"operationMetadataId":"6233735e-0bc5-4a55-8a63-cc212596d108"},"type":"Expression","kind":"ConvertTimeZone","inputs":{"baseTime":"@body('获取将来的时间')","formatString":"d","sourceTimeZone":"UTC","destinationTimeZone":"China Standard Time"}},"应用到每一个":{"foreach":"@outputs('获取多个项')?['body/value']","actions":{"条件":{"actions":{"发送电子邮件(V2)":{"runAfter":{},"metadata":{"operationMetadataId":"59219d09-c362-41c3-8b78-ede06dd146e4"},"type":"OpenApiConnection","inputs":{"host":{"apiId":"/providers/Microsoft.PowerApps/apis/shared_office365","connectionName":"shared_office365","operationId":"SendEmailV2"},"parameters":{"emailMessage/To":"@items('应用到每一个')?['OData__x501f__x7528__x4eba_/Email']","emailMessage/Subject":"【提醒】 @{items('应用到每一个')?['Title']}","emailMessage/Body":"<p>hi @{items('应用到每一个')?['OData__x501f__x7528__x4eba_/DisplayName']}，<br>\n<br>\n你申请的电脑：<br>\n@{items('应用到每一个')?['OData__x7533__x8bf7__x7535__x8111_']}<br>\n本计划是：@{items('应用到每一个')?['OData__x8ba1__x5212__x5f52__x8fd8__x65']}归还，但IT部门未接收到，请想IT反馈是否延期，或送还IT部门！</p>"},"authentication":"@parameters('$authentication')"}}},"runAfter":{},"expression":{"not":{"contains":["@items('应用到每一个')?['OData__x5f53__x524d__x72b6__x6001_']","已归还"]}},"metadata":{"operationMetadataId":"a1acd8f1-ae3a-43f1-a330-f0d3d0d90bcf"},"type":"If"}},"runAfter":{"获取多个项":["Succeeded"]},"metadata":{"operationMetadataId":"5acf0c66-5458-41fe-80a5-c7f318d54943"},"type":"Foreach"}}},"connectionReferences":{"shared_sharepointonline":{"connectionName":"afc9a1b8992d41f7b4e195ef4f661ade","source":"Embedded","id":"/providers/Microsoft.PowerApps/apis/shared_sharepointonline","tier":"NotSpecified"},"shared_office365":{"connectionName":"eaabdafbe4284fc78d1b698bd15f817d","source":"Embedded","id":"/providers/Microsoft.PowerApps/apis/shared_office365","tier":"NotSpecified"}},"flowFailureAlertSubscribed":false,"isManaged":false}}